#,Check first,English,Hindi,Hindi read back by machine,Hindi OK? (Y/N),Hindi correction,Odia,Odia read back by machine,Odia OK? (Y/N),Odia correction
142,YES (or),Altered mental status — high-risk chief complaint (odds ratio 6.2),बदली हुई मानसिक स्थिति — उच्च-जोखिम मुख्य शिकायत (ऑड्स रेशियो 6.2),Altered mental status - high-risk main complaint (odds ratio 6.2),,,ମାନସିକ ଅବସ୍ଥାରେ ପରିବର୍ତ୍ତନ — ଉଚ୍ଚ-ବିପଦ ମୁଖ୍ୟ ଅଭିଯୋଗ (ଅଡସ୍ ରେସିଓ 6.2),Changes in mood - high-risk major complaints (odds ratio 6.2),,
149,YES (hi),Active seizures (fits reported — treated as active until a clinician confirms otherwise),"चल रहे दौरे / झटके (झटके बताए गए — जब तक स्वास्थ्यकर्मी अन्यथा पुष्टि न करें, चालू माने जाते हैं)",Ongoing seizures / shocks (shocks reported - considered on unless otherwise confirmed by the healthcare provider),,,ଚାଲୁଥିବା ଅପସ୍ମାର (ଝଟକା କୁହାଗଲା — ସ୍ୱାସ୍ଥ୍ୟକର୍ମୀ ଅନ୍ୟଥା ନିଶ୍ଚିତ ନ କରିବା ଯାଏ ଚାଲୁ ବୋଲି ଧରାଯାଏ),Ongoing epilepsy (called shock - assumed to be ongoing unless otherwise confirmed by the healthcare provider),,
185,"YES (or, hi)",Active convulsions,चल रहे दौरे / झटके,Ongoing tours / shocks,,,ଚାଲୁଥିବା ଅପସ୍ମାର / ଝଟକା,Ongoing epilepsy / shock,,
195,YES (hi),"Pregnant with heavy bleeding, severe abdominal pain, seizures or altered mental status, severe headache, visual changes, SBP ≥160 or DBP ≥110, active labour or trauma","गर्भवती, साथ में भारी रक्तस्राव, पेट में तेज़ दर्द, दौरे या बदली हुई मानसिक स्थिति, तेज़ सिरदर्द, दृष्टि में बदलाव, SBP ≥160 या DBP ≥110, सक्रिय प्रसव पीड़ा या चोट","Pregnant, accompanied by heavy bleeding, severe abdominal pain, seizures or altered mental status, rapid headaches, vision changes, SBP ≥ 160 or DBP ≥ 110, active labor pains or injury",,,"ଗର୍ଭବତୀ, ସହିତ ଅଧିକ ରକ୍ତସ୍ରାବ, ତୀବ୍ର ପେଟ ଯନ୍ତ୍ରଣା, ଅପସ୍ମାର / ଝଟକା ବା ମାନସିକ ଅବସ୍ଥାରେ ପରିବର୍ତ୍ତନ, ତୀବ୍ର ମୁଣ୍ଡବିନ୍ଧା, ଦୃଷ୍ଟିରେ ପରିବର୍ତ୍ତନ, SBP ≥160 ବା DBP ≥110, ସକ୍ରିୟ ପ୍ରସବ ବେଦନା ବା ଆଘାତ","Pregnant, with excessive bleeding, severe abdominal pain, epilepsy / shock or change in mood, severe headache, change in vision, SBP ≥ 160 or DBP ≥ 110, active labor pain or trauma",,
198,YES (or),Vomits everything or ongoing diarrhoea,सब कुछ उल्टी कर देना या लगातार दस्त,Vomiting everything or persistent diarrhea,,,ସବୁକିଛି ବାନ୍ତି କରିଦେବା କିମ୍ବା ଲଗାତାର ତରଳ ଝାଡ଼ା,Nausea or vomiting all the time,,
203,YES (or),Altered mental status or agitation,बदली हुई मानसिक स्थिति या बेचैनी,Changed mental state or anxiety,,,ମାନସିକ ଅବସ୍ଥାରେ ପରିବର୍ତ୍ତନ ବା ଅସ୍ଥିରତା,Changes or instability in the mental state,,
221,YES (or),"Any two of — lethargy, sunken eyes, very slow skin pinch, drinks poorly","इनमें से कोई दो — सुस्ती, धँसी आँखें, त्वचा की चुटकी बहुत धीरे लौटना, ठीक से न पीना","Any two of these - lethargy, puffy eyes, skin rashes returning very slowly, not drinking properly.",,,"ଏଥିରୁ ଯେକୌଣସି ଦୁଇଟି — ଅବସନ୍ନତା, ଆଖି ବସିଯିବା, ଚର୍ମ ଚିମୁଟିଲେ ବହୁତ ଧୀରେ ଫେରିବା, ଠିକ୍ ଭାବେ ନ ପିଇବା","Any two of these - drowsiness, squinting, coming back very slowly after touching the skin, not drinking properly.",,
222,YES (or),"Altered mental status (confused, restless, irritable or lethargic) with stiff neck, hypothermia or fever","बदली हुई मानसिक स्थिति (भ्रम, बेचैनी, चिड़चिड़ापन या सुस्ती) के साथ गर्दन में अकड़न, शरीर का बहुत ठंडा होना या बुखार","Neck stiffness, extreme body chills, or fever with altered mental status (confusion, restlessness, irritability, or lethargy)",,,"ମାନସିକ ଅବସ୍ଥାରେ ପରିବର୍ତ୍ତନ (ଦ୍ୱନ୍ଦ୍ୱ, ଅସ୍ଥିରତା, ଚିଡ଼ଚିଡ଼ା ବା ଅବସନ୍ନତା) ସହ ବେକ ଟାଣ, ଶରୀର ତାପମାତ୍ରା ଅତି କମ୍ ବା ଜ୍ୱର","Changes in mood (confusion, restlessness, irritability, or lethargy), including neck tightness, low body temperature, or fever",,
228,YES (or),Ongoing diarrhoea,लगातार दस्त,Persistent diarrhoea,,,ଲଗାତାର ତରଳ ଝାଡ଼ା,Frequent flushing,,
230,YES (or),"Restless, continuously irritable or lethargic","बेचैन, लगातार चिड़चिड़ा या सुस्त","restless, constantly irritable, or lethargic",,,"ଅସ୍ଥିର, ଲଗାତାର ଚିଡ଼ଚିଡ଼ା ବା ଅବସନ୍ନ","restless, constantly irritable, or depressed",,
232,YES (or),Malnutrition with visible severe wasting or oedema of both feet,"कुपोषण, साथ में दिखने वाला गंभीर दुबलापन या दोनों पैरों में सूजन","Malnutrition, accompanied by severe weakness or swelling of both legs",,,"ଅପପୁଷ୍ଟି, ସହିତ ଦେଖାଯାଉଥିବା ଅତ୍ୟଧିକ ରୋଗା ହୋଇଯିବା (ଶୀର୍ଣ୍ଣତା) ବା ଦୁଇ ପାଦରେ ଫୁଲା","Malnutrition, accompanied by excessive numbness (tingling) or swelling in both legs",,
241,"YES (or, hi)","General danger sign — unable to drink or breastfeed, vomits everything, convulsions, lethargic or unconscious","सामान्य ख़तरे का संकेत — पी या स्तनपान न कर पाना, सब कुछ उल्टी कर देना, दौरे, सुस्त या बेहोश","Signs of general danger - not being able to drink or breastfeed, vomiting everything, seizures, lethargy or fainting",,,"ସାଧାରଣ ବିପଦ ସଙ୍କେତ — ପିଇ ବା ସ୍ତନପାନ କରି ନ ପାରିବା, ସବୁକିଛି ବାନ୍ତି କରିଦେବା, ଅପସ୍ମାର / ଝଟକା, ଅବସନ୍ନତା ବା ଚେତାହୀନ","Common risk signs - not being able to drink or breastfeed, vomiting everything, epilepsy / jaundice, depression, or fainting",,
244,YES (or),"Diarrhoea with two of — lethargic/unconscious, sunken eyes, not able to drink or drinking poorly, skin pinch very slow","दस्त, साथ में इनमें से दो — सुस्त/बेहोश, धँसी आँखें, पी न पाना या ठीक से न पीना, त्वचा की चुटकी बहुत धीरे लौटना","Diarrhea, along with two of these - sluggish / faint, puffy eyes, not being able to drink or drink properly, skin rashes returning very slowly.",,,"ତରଳ ଝାଡ଼ା, ସହିତ ଏଥିରୁ ଦୁଇଟି — ଅବସନ୍ନତା/ଚେତାହୀନ, ଆଖି ବସିଯିବା, ପିଇ ନ ପାରିବା ବା ଠିକ୍ ଭାବେ ନ ପିଇବା, ଚର୍ମ ଚିମୁଟିଲେ ବହୁତ ଧୀରେ ଫେରିବା","Fluid swelling, as well as two of these - drowsiness / fainting, squinting eyes, not being able to drink or drink properly, a very slow return to skin pricking",,
250,YES (or),"Diarrhoea with two of — restless/irritable, sunken eyes, drinks eagerly/thirsty, skin pinch slow","दस्त, साथ में इनमें से दो — बेचैन/चिड़चिड़ा, धँसी आँखें, उत्सुकता से पीना/प्यासा, त्वचा की चुटकी धीरे लौटना","Diarrhoea, along with two of these - restless / irritable, puffy eyes, eager drinking / thirst, skin rashes returning slowly",,,"ତରଳ ଝାଡ଼ା, ସହିତ ଏଥିରୁ ଦୁଇଟି — ଅସ୍ଥିର/ଚିଡ଼ଚିଡ଼ା, ଆଖି ବସିଯିବା, ଆଗ୍ରହରେ ପିଇବା/ଶୋଷିଲା, ଚର୍ମ ଚିମୁଟିଲେ ଧୀରେ ଫେରିବା","Fluid swelling, as well as two of these - restlessness / irritability, squinting eyes, drinking / sucking out of interest, slow return of skin pricking",,
251,YES (or),Diarrhoea for 14 days or more,14 दिन या अधिक से दस्त,Diarrhea for 14 days or more,,,14 ଦିନ ବା ଅଧିକ ଧରି ତରଳ ଝାଡ଼ା,Fluid rubbing for 14 days or more,,
252,YES (or),Blood in stool (dysentery),मल में खून (पेचिश),Blood in the stool (dysentery),,,ମଳରେ ରକ୍ତ (ଆମାଶୟ),Blood in the stool (stomach),,
258,YES (or),"Chest pain spreading to arm, jaw or back, or with sweating (features of acute coronary syndrome) — whatever the onset","छाती का दर्द जो बाँह, जबड़े या पीठ तक फैले, या पसीने के साथ (एक्यूट कोरोनरी सिंड्रोम के लक्षण) — शुरुआत चाहे जब हुई हो","Chest pain that extends to the arm, jaw, or back, or accompanied by sweating (symptoms of acute coronary syndrome) - regardless of when the onset occurred",,,"ଛାତି ଯନ୍ତ୍ରଣା ଯାହା ବାହୁ, ଜହ୍ନି ବା ପିଠିକୁ ବ୍ୟାପେ, କିମ୍ବା ଝାଳ ସହ (ଏକ୍ୟୁଟ୍ କରୋନାରୀ ସିଣ୍ଡ୍ରୋମର ଲକ୍ଷଣ) — ଯେବେ ବି ଆରମ୍ଭ ହୋଇଥାଉ","Chest pain that extends to the arms, genitals, or back, or with sweating (symptoms of acute coronary syndrome) - whenever present",,
262,"YES (or, hi)",Convulsions or altered consciousness in pregnancy,गर्भावस्था में दौरे या बदली हुई चेतना,Seizures or altered consciousness in pregnancy,,,ଗର୍ଭାବସ୍ଥାରେ ଅପସ୍ମାର / ଝଟକା ବା ଚେତନାରେ ପରିବର୍ତ୍ତନ,Epilepsy / shock or change in consciousness during pregnancy,,
1,,Fill in,पहले से भरें,Pre-Fill in,,,ପୂର୍ବରୁ ପୂରଣ କରନ୍ତୁ,Fill in the form beforehand,,
2,,before you come,आने से पहले,Prior to the arrival of,,,ଆସିବା ପୂର୍ବରୁ,Prior to the arrival of,,
3,,You get a reference number. Show it at the desk when you arrive; your place in the queue starts then.,आपको एक संदर्भ नंबर मिलेगा। पहुँचने पर इसे काउंटर पर दिखाएँ; कतार में आपकी जगह तभी से गिनी जाएगी।,You'll get a reference number. Show it on the counter when you arrive; your place in the queue will count from then on.,,,ଆପଣ ଏକ ରେଫରେନ୍ସ ନମ୍ବର ପାଇବେ। ପହଞ୍ଚିଲେ ଏହାକୁ କାଉଣ୍ଟରରେ ଦେଖାନ୍ତୁ; ଧାଡ଼ିରେ ଆପଣଙ୍କ ସ୍ଥାନ ସେତେବେଳୁ ଗଣାଯିବ।,You'll get a reference number. Show it at the counter when you arrive; your spot in the line will be counted by then.,,
4,,Expected — filled in from home,अपेक्षित — घर से भरा गया,Expected - Filled with house,,,ଅପେକ୍ଷିତ — ଘରୁ ପୂରଣ କରାଯାଇଛି,Expected - Filled from home,,
5,,"Check them in when they reach the desk. Their place in the queue starts then, so filling in early never puts anyone ahead of people already waiting.","काउंटर पर पहुँचने पर इन्हें चेक-इन करें। कतार में इनकी जगह तभी से शुरू होगी, इसलिए पहले भरने से कोई पहले से इंतज़ार कर रहे लोगों से आगे नहीं जाता।","Check them in when you get to the counter. Their place in the queue will start right away, so filling in first doesn't get ahead of those already waiting.",,,"କାଉଣ୍ଟରରେ ପହଞ୍ଚିଲେ ଏମାନଙ୍କୁ ଚେକ୍-ଇନ୍ କରନ୍ତୁ। ଧାଡ଼ିରେ ଏମାନଙ୍କ ସ୍ଥାନ ସେତେବେଳୁ ଆରମ୍ଭ ହେବ, ତେଣୁ ଆଗରୁ ପୂରଣ କଲେ କେହି ଅପେକ୍ଷା କରୁଥିବା ଲୋକଙ୍କ ଆଗକୁ ଯାଆନ୍ତି ନାହିଁ।","Check them in when you get to the counter. Their positions in line will start by then, so no one goes ahead of the waiters if they fill in beforehand.",,
6,,Checked in,चेक-इन हो गया,Check-in has been done,,,ଚେକ୍-ଇନ୍ ହେଲା,Check-in is done,,
7,,From home,घर से,From home,,,ଘରୁ,From home,,
8,,Expected,अपेक्षित,Expected,,,ଅପେକ୍ଷିତ,Expected,,
9,,Did not come,नहीं आए,didn't come,,,ଆସିଲେ ନାହିଁ,didn't come,,
10,,"H- number, name or patient ID","H- नंबर, नाम या मरीज़ आईडी","H-Number, Name, or Patient ID",,,"H- ନମ୍ବର, ନାମ କିମ୍ବା ରୋଗୀ ଆଇଡି","H-Number, Name, or Patient ID",,
11,,Find an expected patient,अपेक्षित मरीज़ खोजें,Searching for the desired patient,,,ଅପେକ୍ଷିତ ରୋଗୀ ଖୋଜନ୍ତୁ,Find the patient you're looking for,,
12,,No match,कोई मेल नहीं,No mail,,,କିଛି ମିଳିଲା ନାହିଁ,Nothing found,,
13,,{name} checked in — token {token},{name} चेक-इन हो गए — टोकन {token},{name} check-in done - tokens {token},,,{name} ଚେକ୍-ଇନ୍ ହେଲେ — ଟୋକେନ୍ {token},{name} check-in - token {token},,
14,,sent {t},{t} भेजा गया,{t} sent,,,{t} ପଠାଯାଇଛି,{t} has been sent,,
15,,For filling in from home,घर से भरने के लिए,in order to fill the house,,,ଘରୁ ପୂରଣ କରିବା ପାଇଁ,to fill in the house.,,
16,,"Share it by SMS or on a poster. Patients fill in before coming and get an H- number; they join the queue only when the desk checks them in, so nobody is moved ahead of people already waiting.","इसे SMS या पोस्टर से साझा करें। मरीज़ आने से पहले भरते हैं और H- नंबर पाते हैं; काउंटर पर चेक-इन होने पर ही वे कतार में जुड़ते हैं, इसलिए कोई पहले से इंतज़ार कर रहे लोगों से आगे नहीं जाता।","Share it via SMS or poster. Patients fill in before they arrive and find the H-number; they only line up when they check-in at the counter, so no one gets ahead of the people already waiting.",,,"ଏହାକୁ SMS କିମ୍ବା ପୋଷ୍ଟରରେ ଦିଅନ୍ତୁ। ରୋଗୀମାନେ ଆସିବା ପୂର୍ବରୁ ପୂରଣ କରି H- ନମ୍ବର ପାଆନ୍ତି; କାଉଣ୍ଟରରେ ଚେକ୍-ଇନ୍ ହେଲେ ହିଁ ସେମାନେ ଧାଡ଼ିରେ ଯୋଗ ଦିଅନ୍ତି, ତେଣୁ କେହି ଅପେକ୍ଷା କରୁଥିବା ଲୋକଙ୍କ ଆଗକୁ ଯାଆନ୍ତି ନାହିଁ।","Give it in an SMS or poster. Patients get the H-number by filling it out before they arrive; they only join the line when they check-in at the counter, so no one goes in front of the people waiting.",,
17,,"Trauma, burns and occupational pathways.","आघात, जलने की चोट और व्यावसायिक मार्ग।","Trauma, burn injury, and occupational route.",,,"ଆଘାତ, ପୋଡ଼ା ଓ ବୃତ୍ତିଗତ ପଥ।",,,
18,,"Injury, burn or fall","चोट, जल जाना या गिरना","Injury, burn, or fall",,,"ଆଘାତ, ପୋଡ଼ା କିମ୍ବା ପଡ଼ିଯିବା",,,
19,,Voice transcript,आवाज़ से लिखा गया पाठ,Text written by voice,,,କଥାରୁ ଲେଖାଯାଇଥିବା ପାଠ,Text from the Word,,
20,,Injury or burn,चोट या जल जाना,Injury or burns,,,ଆଘାତ କିମ୍ବା ପୋଡ଼ା,,,
21,,"Speech to text, translation and reading reports on this facility's computer. Your recorded words, and photos of handwritten papers, may also be read by a second engine online, in India (Sarvam AI).","बोली से लिखना, अनुवाद और रिपोर्ट पढ़ना इसी केंद्र के कंप्यूटर पर। आपकी रिकॉर्ड की गई बात और हाथ से लिखे कागज़ों की फ़ोटो को भारत में एक दूसरा ऑनलाइन सिस्टम (Sarvam AI) भी पढ़ सकता है।","Writing in dialect, translating, and reading reports can be done on the same centre's computer. Your recorded speech and handwritten paper photos can also be read by another online system (Sarvam AI) in India.",,,"କଥାରୁ ଲେଖା, ଅନୁବାଦ ଓ ରିପୋର୍ଟ ପଢ଼ିବା ଏହି କେନ୍ଦ୍ରର କମ୍ପ୍ୟୁଟରରେ। ଆପଣଙ୍କ ରେକର୍ଡ ହୋଇଥିବା କଥା ଓ ହାତଲେଖା କାଗଜର ଫଟୋକୁ ଭାରତରେ ଥିବା ଆଉ ଏକ ଅନଲାଇନ୍ ସିଷ୍ଟମ୍ (Sarvam AI) ମଧ୍ୟ ପଢ଼ିପାରେ।","The centre's computer can read text, translation, and reports from text. Another online system in India (Sarvam AI) can also read your recorded text and handwritten paper photos.",,
22,,Contains,इसमें है,It contains,,,ଏଥିରେ ଅଛି,It contains,,
23,,Read online from handwriting by Sarvam Vision,हाथ की लिखावट Sarvam Vision ने ऑनलाइन पढ़ी,The handwriting was read online by Sarvam Vision.,,,ହାତଲେଖା Sarvam Vision ଅନଲାଇନରେ ପଢ଼ିଲା,Handwritten Sarvam Vision read online,,
24,,Read by both offline and online engines,ऑफ़लाइन और ऑनलाइन दोनों ने पढ़ा,Read both offline and online.,,,ଅଫଲାଇନ ଓ ଅନଲାଇନ ଦୁଇଟି ପଢ଼ିଲା,Read both offline and online.,,
25,,Read from a photo and matched to the Jan Aushadhi generic list or a list of Indian brands — confirm each one against the strip or prescription,फ़ोटो से पढ़ा और जन औषधि जेनेरिक सूची या भारतीय ब्रांड सूची से मिलाया — हर एक को पत्ते या पर्चे से मिलाकर पक्का करें,Read from the photo and match it to the Jan Aushadhi generic list or the Indian brand list - make sure to mix each one with a leaf or a prescription.,,,ଫଟୋରୁ ପଢ଼ି ଜନ ଔଷଧି ଜେନେରିକ ତାଲିକା ବା ଭାରତୀୟ ବ୍ରାଣ୍ଡ ତାଲିକା ସହ ମିଳାଯାଇଛି — ପ୍ରତ୍ୟେକକୁ ପତା ବା ପ୍ରେସକ୍ରିପସନ ସହ ମିଳାଇ ନିଶ୍ଚିତ କରନ୍ତୁ,Make sure to read from the photo and match it to the Jan Aushadhi generic list or the Indian brand list - each with a leaf or prescription.,,
26,,A second engine heard something different,दूसरे सिस्टम ने कुछ अलग सुना,The other system heard something different.,,,ଦ୍ୱିତୀୟ ସିଷ୍ଟମ୍ କିଛି ଅଲଗା ଶୁଣିଲା,The second system heard something different.,,
27,,A second engine is still checking what it heard…,दूसरा सिस्टम अभी जाँच रहा है कि उसने क्या सुना…,The other system is just checking what it heard...,,,ଦ୍ୱିତୀୟ ସିଷ୍ଟମ୍ ଏବେ ବି ଯାଞ୍ଚ କରୁଛି ଏହା କଣ ଶୁଣିଲା…,The second system is still checking what it heard...,,
28,,Use this one instead,इसके बजाय यह लें,Take this instead.,,,ଏହା ବଦଳରେ ଏହାକୁ ନିଅନ୍ତୁ,Take it instead,,
29,,Ask the patient which is right.,मरीज़ से पूछें कि कौन-सा सही है।,Ask the patient which one is correct.,,,ରୋଗୀଙ୍କୁ ପଚାରନ୍ତୁ କେଉଁଟି ଠିକ୍।,Ask the patient which one is right.,,
30,,Follow-ups,फ़ॉलो-अप,Follow-up,,,ଫଲୋ-ଅପ୍,Follow-up,,
31,,Pregnancy and long-term-condition check-ups assigned to you that are due or were missed. Visit or phone; after 2 failed attempts a reminder call is due.,आपको सौंपी गई गर्भावस्था और लंबी बीमारी की जाँचें जो बाकी हैं या छूट गईं। घर जाएँ या फ़ोन करें; 2 असफल कोशिशों के बाद रिमाइंडर कॉल करनी है।,Check for assigned pregnancies and chronic illness that are left or missed. Go home or call; 2 is to make a reminder call after unsuccessful attempts.,,,ଆପଣଙ୍କୁ ଦିଆଯାଇଥିବା ଗର୍ଭାବସ୍ଥା ଓ ଦୀର୍ଘକାଳୀନ ରୋଗର ଯାଞ୍ଚ ଯାହା ବାକି ଅଛି ବା ଛୁଟିଯାଇଛି। ଘରକୁ ଯାଆନ୍ତୁ ବା ଫୋନ୍ କରନ୍ତୁ; 2 ଥର ବିଫଳ ହେଲେ ରିମାଇଣ୍ଡର କଲ୍ କରିବାକୁ ହେବ।,Pregnancy and long-term checkups that you've been given are pending or missed. Go home or make a phone call; you'll need to make a reminder call if you fail 2 times.,,
32,,Every maternal and chronic check-up at this facility. A check-up becomes missed one day after its due date.,इस केंद्र की हर गर्भावस्था और लंबी बीमारी की जाँच। तय तारीख़ के एक दिन बाद जाँच छूटी मानी जाती है।,Every pregnancy and chronic disease check-up at this centre is considered to be missed one day after the due date.,,,ଏହି କେନ୍ଦ୍ରର ପ୍ରତ୍ୟେକ ଗର୍ଭାବସ୍ଥା ଓ ଦୀର୍ଘକାଳୀନ ରୋଗ ଯାଞ୍ଚ। ନିର୍ଦ୍ଧାରିତ ତାରିଖର ଗୋଟିଏ ଦିନ ପରେ ଯାଞ୍ଚ ଛୁଟିଗଲା ବୋଲି ଧରାଯାଏ।,Each pregnancy and chronic disease screening at this center is assumed to have ended one day after the due date.,,
33,,Pregnancy,गर्भावस्था,Pregnancy,,,ଗର୍ଭାବସ୍ଥା,Pregnancy,,
34,,Long-term conditions,लंबी बीमारियाँ,Chronic diseases,,,ଦୀର୍ଘକାଳୀନ ରୋଗ,Long-term illness,,
35,,Check-ups appear here when a pregnancy or chronic visit sets the next check-up date.,"जब गर्भावस्था या लंबी बीमारी की मुलाक़ात में अगली जाँच की तारीख़ रखी जाती है, तब जाँच यहाँ दिखती है।",Check-ups appear here when the date of the next check-up is set in the event of pregnancy or a long illness.,,,ଗର୍ଭାବସ୍ଥା ବା ଦୀର୍ଘକାଳୀନ ରୋଗ ଭେଟରେ ପରବର୍ତ୍ତୀ ଯାଞ୍ଚ ତାରିଖ ରଖାଗଲେ ଯାଞ୍ଚ ଏଠାରେ ଦେଖାଯାଏ।,Checkings are seen here when the date of the next check-up is set in case of pregnancy or a long-term illness.,,
36,,Danger sign on a call — a person must call back,कॉल पर ख़तरे का संकेत — किसी व्यक्ति को वापस कॉल करना है,Danger signal on call - is to call a person back.,,,କଲ୍‌ରେ ବିପଦ ସଙ୍କେତ — ଜଣେ ବ୍ୟକ୍ତି ଫେରି ଫୋନ୍ କରିବା ଦରକାର,Danger Signs on the Call - A person needs to call back,,
37,,Reached — waiting for the visit,संपर्क हुआ — मुलाक़ात का इंतज़ार,Reached out - Waiting for a meeting,,,ଯୋଗାଯୋଗ ହେଲା — ଭେଟ ପାଇଁ ଅପେକ୍ଷା,Contacted - Waiting to meet,,
38,,Own phone,अपना फ़ोन,It's your phone,,,ନିଜ ଫୋନ୍,It's your phone,,
39,,Agent may call,एजेंट कॉल कर सकता है,The agent can make a call.,,,ଏଜେଣ୍ଟ କଲ୍ କରିପାରେ,The agent may call.,,
40,,A person must call,किसी व्यक्ति को कॉल करना है,You have to call a person,,,ଜଣେ ବ୍ୟକ୍ତି ଫୋନ୍ କରିବା ଦରକାର,A person needs to call.,,
41,,Home visit,घर पर मुलाक़ात,Meeting at home,,,ଘର ପରିଦର୍ଶନ,A visit to the house,,
42,,call,कॉल,call,,,କଲ୍,Call,,
43,,Came for the check-up,जाँच के लिए आए,came in for a check-up.,,,ଯାଞ୍ଚ ପାଇଁ ଆସିଲେ,came to check.,,
44,,Reached,संपर्क हुआ,Contact made,,,ଯୋଗାଯୋଗ ହେଲା,Contact made,,
45,,See the call,कॉल देखें,Look at the call,,,କଲ୍ ଦେଖନ୍ତୁ,Look at the call.,,
46,,Reminder call,रिमाइंडर कॉल,Reminder call,,,ରିମାଇଣ୍ଡର କଲ୍,Reminder call,,
47,,Call with the script,स्क्रिप्ट से कॉल करें,Call from script,,,ସ୍କ୍ରିପ୍ଟ ସହ ଫୋନ୍ କରନ୍ତୁ,Call with script,,
48,,No phone: a home visit is needed,फ़ोन नहीं: घर जाना होगा,No phone: I have to go home.,,,ଫୋନ୍ ନାହିଁ: ଘର ପରିଦର୍ଶନ ଦରକାର,No phone: need a home visit,,
49,,"Routine follow-up: the agent may call, and any danger sign hands the call to a person","सामान्य फ़ॉलो-अप: एजेंट कॉल कर सकता है, और ख़तरे का कोई भी संकेत कॉल को व्यक्ति को सौंप देता है","Normal follow-up: The agent can make the call, and hand over the call to the person with any sign of danger.",,,"ସାଧାରଣ ଫଲୋ-ଅପ୍: ଏଜେଣ୍ଟ କଲ୍ କରିପାରେ, ଏବଂ ଯେକୌଣସି ବିପଦ ସଙ୍କେତ କଲ୍‌କୁ ଜଣେ ବ୍ୟକ୍ତିଙ୍କୁ ଦେଇଦିଏ","Typical follow-up: The agent may make the call, and pass any danger signal the call to a person.",,
50,,The patient chose no AI processing: a person calls,मरीज़ ने AI से प्रोसेसिंग नहीं चुनी: व्यक्ति कॉल करेगा,Patient didn't choose AI processing: person will call,,,ରୋଗୀ AI ପ୍ରକ୍ରିୟାକରଣ ବାଛିନାହାନ୍ତି: ଜଣେ ବ୍ୟକ୍ତି ଫୋନ୍ କରିବେ,Patient did not choose AI processing: one person will call,,
51,,"The last visit was never fully assessed (UNDETERMINED): a person calls, not the agent","पिछली मुलाक़ात की पूरी जाँच नहीं हुई (अनिर्धारित): एजेंट नहीं, व्यक्ति कॉल करेगा","Previous meeting not fully checked (undecided): not agent, person will call",,,"ଶେଷ ଭେଟର ପୂର୍ଣ୍ଣ ଯାଞ୍ଚ ହୋଇନାହିଁ (ଅନିର୍ଦ୍ଧାରିତ): ଏଜେଣ୍ଟ ନୁହେଁ, ଜଣେ ବ୍ୟକ୍ତି ଫୋନ୍ କରିବେ","The last waiter is not fully verified (unspecified): a person, not an agent, will call",,
52,,Reminder call — {n},रिमाइंडर कॉल — {n},Reminder call - {n},,,ରିମାଇଣ୍ଡର କଲ୍ — {n},Reminder call - {n},,
53,,"Simulated: no phone call is made in this build. The agent's lines are shown and read aloud here; type, tap or speak what the patient says.","सिम्युलेशन: इस संस्करण में कोई फ़ोन कॉल नहीं होती। एजेंट की पंक्तियाँ यहाँ दिखती और पढ़ी जाती हैं; मरीज़ जो कहे उसे लिखें, चुनें या बोलें।","Simulation: There are no phone calls in this version. Agent lines are seen and read here; write, select, or speak what the patient says.",,,"ସିମୁଲେସନ୍: ଏହି ସଂସ୍କରଣରେ କୌଣସି ଫୋନ୍ କଲ୍ ହୁଏ ନାହିଁ। ଏଜେଣ୍ଟର ଧାଡ଼ି ଏଠାରେ ଦେଖାଯାଏ ଓ ପଢ଼ାଯାଏ; ରୋଗୀ ଯାହା କହନ୍ତି ତାହା ଲେଖନ୍ତୁ, ବାଛନ୍ତୁ ବା କୁହନ୍ତୁ।","Simulation: There are no phone calls in this version. The agent line appears here and is read; write, select, or say what the patient says.",,
54,,Agent call,एजेंट कॉल,Agent Call,,,ଏଜେଣ୍ଟ କଲ୍,Agent Call,,
55,,"A person calls, reading the script",व्यक्ति स्क्रिप्ट पढ़कर कॉल करता है,The person makes the call by reading the script.,,,ଜଣେ ବ୍ୟକ୍ତି ସ୍କ୍ରିପ୍ଟ ପଢ଼ି ଫୋନ୍ କରନ୍ତି,A person reads a script and makes a call.,,
56,,Start the call,कॉल शुरू करें,Start the call,,,କଲ୍ ଆରମ୍ଭ କରନ୍ତୁ,Start the call,,
57,,speaking to the patient,मरीज़ से बात,Talk to the patient,,,ରୋଗୀଙ୍କ ସହ କଥା,Talk to the patient.,,
58,,someone else — nothing about health is said,कोई और — स्वास्थ्य के बारे में कुछ नहीं कहा जाता,Nothing else - nothing about health is said.,,,ଅନ୍ୟ କେହି — ସ୍ୱାସ୍ଥ୍ୟ ବିଷୟରେ କିଛି କୁହାଯାଏ ନାହିଁ,No one else - nothing to say about health,,
59,,Voice on,आवाज़ चालू,turn on the volume,,,ସ୍ୱର ଚାଲୁ,turn up the volume,,
60,,Voice off,आवाज़ बंद,turn off the volume,,,ସ୍ୱର ବନ୍ଦ,turn off the volume,,
61,,"A person must call, not the agent","एजेंट नहीं, किसी व्यक्ति को कॉल करना है","Call a person, not an agent.",,,"ଏଜେଣ୍ଟ ନୁହେଁ, ଜଣେ ବ୍ୟକ୍ତି ଫୋନ୍ କରିବା ଦରକାର","A person, not an agent, needs to call.",,
62,,The agent may call,एजेंट कॉल कर सकता है,The agent can make a call.,,,ଏଜେଣ୍ଟ କଲ୍ କରିପାରେ,The agent may call.,,
63,,Language of the call,कॉल की भाषा,The language of the call,,,କଲ୍‌ର ଭାଷା,The language of the call,,
64,,Patient's language,मरीज़ की भाषा,The language of the patient,,,ରୋଗୀଙ୍କ ଭାଷା,The language of the patient,,
65,,Start agent call,एजेंट कॉल शुरू करें,Start Agent Call,,,ଏଜେଣ୍ଟ କଲ୍ ଆରମ୍ଭ କରନ୍ତୁ,Start Agent Call,,
66,,I will call and read the script,मैं कॉल करके स्क्रिप्ट पढ़ूँगा/पढ़ूँगी,I will call and read the script.,,,ମୁଁ ଫୋନ୍ କରି ସ୍କ୍ରିପ୍ଟ ପଢ଼ିବି,I'll call and read the script.,,
67,,danger sign,ख़तरे का संकेत,Signs of danger,,,ବିପଦ ସଙ୍କେତ,Signs of danger,,
68,,heard,सुना,Listen,,,ଶୁଣାଗଲା,It's been heard,,
69,,yes,हाँ,Yes,,,ହଁ,Yes,,
70,,no,नहीं,No,,,ନା,No,,
71,,"This device has no {l} voice, so the line is shown but not spoken.","इस डिवाइस पर {l} आवाज़ नहीं है, इसलिए पंक्ति दिखाई गई है पर बोली नहीं गई।","There is no {l} sound on this device, so the line is shown but not spoken.",,,"ଏହି ଡିଭାଇସ୍‌ରେ {l} ସ୍ୱର ନାହିଁ, ତେଣୁ ଧାଡ଼ି ଦେଖାଯାଉଛି କିନ୍ତୁ କୁହାଯାଉନାହିଁ।","This device does not have a {l} sound, so the line appears but is not called.",,
72,,"Type what the patient said, in any language","मरीज़ ने जो कहा, किसी भी भाषा में लिखें",Write down what the patient said in any language.,,,"ରୋଗୀ ଯାହା କହିଲେ, ଯେକୌଣସି ଭାଷାରେ ଲେଖନ୍ତୁ","Write down what the patient said, in any language.",,
73,,Speak,बोलें,Speak up,,,କୁହନ୍ତୁ,tell me,,
74,,No answer,जवाब नहीं,No answer,,,ଉତ୍ତର ନାହିଁ,No answer,,
75,,Call cut off,कॉल कट गई,The call was cut off.,,,କଲ୍ କଟିଗଲା,The call was cut off.,,
76,,What the agent may do,एजेंट क्या कर सकता है,What the agent can do.,,,ଏଜେଣ୍ଟ କ'ଣ କରିପାରେ,What the agent can do.,,
77,,Logistics and yes / no questions only. It never answers with advice: under India's Telemedicine Practice Guidelines 2020 an AI platform may not counsel a patient.,सिर्फ़ तारीख़-जगह की बात और हाँ / ना वाले प्रश्न। यह कभी सलाह नहीं देता: भारत के टेलीमेडिसिन प्रैक्टिस दिशानिर्देश 2020 के तहत AI प्लेटफ़ॉर्म मरीज़ को परामर्श नहीं दे सकता।,"Only date and place and yes / no questions. It never advises: Under India's Telemedicine Practice Guidelines 2020, AI platforms cannot offer patient consultation.",,,କେବଳ ତାରିଖ-ସ୍ଥାନ କଥା ଓ ହଁ / ନା ପ୍ରଶ୍ନ। ଏହା କେବେ ପରାମର୍ଶ ଦିଏ ନାହିଁ: ଭାରତର ଟେଲିମେଡିସିନ୍ ପ୍ରାକ୍ଟିସ୍ ନିର୍ଦ୍ଦେଶିକା 2020 ଅନୁଯାୟୀ AI ପ୍ଲାଟଫର୍ମ ରୋଗୀଙ୍କୁ ପରାମର୍ଶ ଦେଇପାରିବ ନାହିଁ।,"Only date-location and yes / no questions. It never advises: As per India's Telemedicine Practice Directive 2020, AI platforms cannot advise patients.",,
78,,A danger sign said anywhere ends the call and pages a person. So does “not sure” on a danger-sign question.,कहीं भी कहा गया ख़तरे का संकेत कॉल ख़त्म करता है और व्यक्ति को सूचना देता है। ख़तरे वाले प्रश्न पर “पता नहीं” भी।,"The danger signal anywhere ends the call and notifies the person. The danger question is ""not known.""",,,ଯେକୌଣସି ସ୍ଥାନରେ କୁହାଯାଇଥିବା ବିପଦ ସଙ୍କେତ କଲ୍ ବନ୍ଦ କରେ ଓ ଜଣେ ବ୍ୟକ୍ତିଙ୍କୁ ଜଣାଏ। ବିପଦ ସଙ୍କେତ ପ୍ରଶ୍ନରେ “ଜଣାନାହିଁ” କହିଲେ ମଧ୍ୟ ସେପରି ହୁଏ।,"A distress signal anywhere stops the call and lets a person know. A distress signal will also say ""don't know"" in the question.",,
79,,"If the last visit was RED, YELLOW or never fully assessed, or the patient chose no AI, a person calls instead.","अगर पिछली मुलाक़ात लाल, पीली या अधूरी जाँची थी, या मरीज़ ने AI नहीं चुना, तो व्यक्ति कॉल करता है।","If a red, yellow, or incomplete test was performed at a previous appointment, or the patient did not choose AI, the person calls.",,,"ଯଦି ଶେଷ ଭେଟ ଲାଲ, ହଳଦିଆ ବା ଅସମ୍ପୂର୍ଣ୍ଣ ଯାଞ୍ଚ ଥିଲା, ବା ରୋଗୀ AI ବାଛିନାହାନ୍ତି, ତେବେ ଜଣେ ବ୍ୟକ୍ତି ଫୋନ୍ କରନ୍ତି।","If the last visit was a red, yellow, or incomplete checkup, or the patient has not chosen AI, a person calls.",,
80,,"On a phone that is not hers, or when someone else answers, nothing about health is said.","जो फ़ोन उसका नहीं है, या कोई और उठाए, तो स्वास्थ्य के बारे में कुछ नहीं कहा जाता।","A phone that doesn't belong to him, or someone else picked up, doesn't say anything about health.",,,"ଯେଉଁ ଫୋନ୍ ତାଙ୍କର ନୁହେଁ, ବା ଅନ୍ୟ କେହି ଉଠାନ୍ତି, ତେବେ ସ୍ୱାସ୍ଥ୍ୟ ବିଷୟରେ କିଛି କୁହାଯାଏ ନାହିଁ।","A phone call that isn't his, or someone else picks up, doesn't say anything about health.",,
81,,"Answers are read by fixed rules, not by a model: the intake word lists in English, Hindi and Odia, and the English translation for other languages. A word like “less” or “a little” counts as not sure.","जवाब तय नियमों से पढ़े जाते हैं, मॉडल से नहीं: अंग्रेज़ी, हिन्दी और ओड़िया में इनटेक वाली शब्द-सूचियाँ, और दूसरी भाषाओं में अंग्रेज़ी अनुवाद। “कम” या “थोड़ा” जैसा शब्द “पता नहीं” माना जाता है।","Answers are read by set rules, not by model: word lists with intakes in English, Hindi, and Odia, and English translations into other languages. Words like ""less"" or ""little"" are considered ""not known.""",,,"ଉତ୍ତର ନିର୍ଦ୍ଦିଷ୍ଟ ନିୟମରେ ପଢ଼ାଯାଏ, ମଡେଲ୍‌ରେ ନୁହେଁ: ଇଂରାଜୀ, ହିନ୍ଦୀ ଓ ଓଡ଼ିଆରେ ଇନଟେକ୍‌ର ଶବ୍ଦ ତାଲିକା, ଏବଂ ଅନ୍ୟ ଭାଷାରେ ଇଂରାଜୀ ଅନୁବାଦ। “କମ୍” ବା “ଟିକେ” ଭଳି ଶବ୍ଦକୁ “ଜାଣିନି” ବୋଲି ଧରାଯାଏ।","The answer is read in the specified rules, not in the model: the word list of intakes in English, Hindi, and Odia, and the English translation in other languages. Words such as ""less"" or ""less"" are assumed to be ""unknown.""",,
82,,"Voice: Sarvam Bulbul (online). It speaks the fixed line shown, nothing else.","आवाज़: Sarvam Bulbul (ऑनलाइन)। यह सिर्फ़ दिखाई गई तय पंक्ति बोलती है, और कुछ नहीं।","Voice: Sarvam Bulbul (online). It speaks only the fixed line shown, nothing else.",,,"ସ୍ୱର: Sarvam Bulbul (ଅନଲାଇନ୍)। ଏହା କେବଳ ଦେଖାଯାଉଥିବା ନିର୍ଦ୍ଦିଷ୍ଟ ଧାଡ଼ି କହେ, ଆଉ କିଛି ନୁହେଁ।","Voice: Sarvam Bulbul (online). It says only the specified line that appears, nothing else.",,
83,,Not read: no English translation,पढ़ा नहीं गया: अंग्रेज़ी अनुवाद नहीं मिला,Not read: English translation not found,,,ପଢ଼ାଗଲା ନାହିଁ: ଇଂରାଜୀ ଅନୁବାଦ ମିଳିଲା ନାହିଁ,Cannot read: English translation not found,,
84,,Danger signs from,ख़तरे के संकेत इनसे,Signs of danger,,,ବିପଦ ସଙ୍କେତର ଉତ୍ସ,The source of the risk index,,
85,,Earlier calls,पिछली कॉल,Previous call,,,ପୂର୍ବ କଲ୍,Previous call,,
86,,agent,एजेंट,Agent,,,ଏଜେଣ୍ଟ,Agent,,
87,,person,व्यक्ति,person,,,ବ୍ୟକ୍ତି,the person's,,
88,,"Danger sign — call ended, a person paged","ख़तरे का संकेत — कॉल ख़त्म, व्यक्ति को सूचना दी गई","Sign of danger - call ended, person notified",,,"ବିପଦ ସଙ୍କେତ — କଲ୍ ବନ୍ଦ, ଜଣେ ବ୍ୟକ୍ତିଙ୍କୁ ଜଣାଗଲା","Alert - Call stopped, one person was notified",,
89,,The medical officer and the assigned health worker have an alert to phone back now. The agent said nothing about what the sign may mean.,चिकित्सा अधिकारी और सौंपे गए स्वास्थ्य कर्मी को अभी वापस फ़ोन करने का अलर्ट है। एजेंट ने संकेत के मतलब के बारे में कुछ नहीं कहा।,The medical officer and the assigned health worker are still on alert to call back. The agent did not say what the signal meant.,,,ଚିକିତ୍ସା ଅଧିକାରୀ ଓ ଦାୟିତ୍ୱପ୍ରାପ୍ତ ସ୍ୱାସ୍ଥ୍ୟକର୍ମୀଙ୍କୁ ଏବେ ଫେରି ଫୋନ୍ କରିବାକୁ ଆଲର୍ଟ ଅଛି। ଏଜେଣ୍ଟ ସଙ୍କେତର ଅର୍ଥ ବିଷୟରେ କିଛି କହିନାହିଁ।,The medical officer and the health worker in charge are now on alert to call back. The agent did not say anything about the meaning of the code.,,
90,,No clear answer to a danger-sign question — a person must call,ख़तरे वाले प्रश्न का साफ़ जवाब नहीं — व्यक्ति को कॉल करना है,Not a clear answer to the dangerous question - calling the person,,,ବିପଦ ପ୍ରଶ୍ନର ସ୍ପଷ୍ଟ ଉତ୍ତର ନାହିଁ — ଜଣେ ବ୍ୟକ୍ତି ଫୋନ୍ କରିବା ଦରକାର,There's no clear answer to the danger question - a person needs to call.,,
91,,Unknown is never normal: the medical officer and the assigned health worker have an alert.,अज्ञात कभी सामान्य नहीं: चिकित्सा अधिकारी और सौंपे गए स्वास्थ्य कर्मी को अलर्ट है।,The unknown is never normal: the medical officer and assigned health worker are on alert.,,,ଅଜଣା କେବେ ସାଧାରଣ ନୁହେଁ: ଚିକିତ୍ସା ଅଧିକାରୀ ଓ ଦାୟିତ୍ୱପ୍ରାପ୍ତ ସ୍ୱାସ୍ଥ୍ୟକର୍ମୀଙ୍କୁ ଆଲର୍ଟ ଅଛି।,The unknown is never common: medical officers and health workers in charge are on alert.,,
92,,No danger sign reported,ख़तरे का कोई संकेत नहीं बताया,No signs of danger were reported.,,,କୌଣସି ବିପଦ ସଙ୍କେତ କୁହାଯାଇନାହିଁ,No warning signs have been reported,,
93,,An automated call is weak evidence: people often give the safe answer to an unfamiliar voice. The follow-up stays open until the visit.,स्वचालित कॉल कमज़ोर सबूत है: लोग अक्सर अनजान आवाज़ को सुरक्षित जवाब देते हैं। मुलाक़ात तक फ़ॉलो-अप खुला रहता है।,Automated calls are weak evidence: people often respond securely to an unknown voice. Follow-up is open until the meeting.,,,ସ୍ୱୟଂଚାଳିତ କଲ୍ ଦୁର୍ବଳ ପ୍ରମାଣ: ଲୋକେ ଅଚିହ୍ନା ସ୍ୱରକୁ ପ୍ରାୟତଃ ନିରାପଦ ଉତ୍ତର ଦିଅନ୍ତି। ଭେଟ ପର୍ଯ୍ୟନ୍ତ ଫଲୋ-ଅପ୍ ଖୋଲା ରହେ।,Automated call weak evidence: People often respond securely to an unrecognized voice. Follow-up is open until the meeting.,,
94,,Message left with someone else,किसी और को संदेश दिया,sent a message to someone else,,,ଅନ୍ୟ କାହାକୁ ସନ୍ଦେଶ ଦିଆଗଲା,Message sent to someone else,,
95,,Nothing about health was said. The follow-up stays open.,स्वास्थ्य के बारे में कुछ नहीं कहा गया। फ़ॉलो-अप खुला है।,Nothing was said about health. Follow-up is open.,,,ସ୍ୱାସ୍ଥ୍ୟ ବିଷୟରେ କିଛି କୁହାଯାଇନାହିଁ। ଫଲୋ-ଅପ୍ ଖୋଲା ଅଛି।,There is no mention of health. Follow-up is open.,,
96,,Recorded as an attempt. Try again later or visit.,कोशिश के रूप में दर्ज। बाद में फिर कोशिश करें या घर जाएँ।,Enter as a try. Try again later or go home.,,,ଚେଷ୍ଟା ଭାବେ ଲେଖାଗଲା। ପରେ ପୁଣି ଚେଷ୍ଟା କରନ୍ତୁ ବା ଘର ପରିଦର୍ଶନ କରନ୍ତୁ।,Written as an attempt. Try again later or visit the house.,,
97,,The questions were not finished. Try again or visit.,प्रश्न पूरे नहीं हुए। फिर कोशिश करें या घर जाएँ।,The questions were not completed. Try again or go home.,,,ପ୍ରଶ୍ନ ଶେଷ ହୋଇନାହିଁ। ପୁଣି ଚେଷ୍ଟା କରନ୍ତୁ ବା ଘର ପରିଦର୍ଶନ କରନ୍ତୁ।,The question is not finished. Try again or visit the house.,,
98,,Noted,दर्ज,Register,,,ଲେଖାଗଲା,It's been written,,
99,,Also said,यह भी कहा,He also said that,,,ଏହା ମଧ୍ୟ କହିଲେ,He also said that,,
100,,Said they can come this week.,कहा कि इस हफ़्ते आ सकते हैं।,He said he might come this week.,,,କହିଲେ ଏହି ସପ୍ତାହରେ ଆସିପାରିବେ।,He said he could come this week.,,
101,,Said they cannot come this week — a home visit is needed.,कहा कि इस हफ़्ते नहीं आ सकते — घर जाना होगा।,He said he couldn't come this week - he had to go home.,,,କହିଲେ ଏହି ସପ୍ତାହରେ ଆସିପାରିବେ ନାହିଁ — ଘରକୁ ଯିବାକୁ ହେବ।,He said he couldn't come this week - he had to go home.,,
102,,Not taking medicines every day,हर दिन दवा नहीं ले रहे,They don't take medication every day.,,,ପ୍ରତିଦିନ ଔଷଧ ଖାଉନାହାନ୍ତି,Don't take the medicine every day.,,
103,,Could not understand the recording — type or tap the answer,रिकॉर्डिंग समझ नहीं आई — जवाब लिखें या चुनें,Didn't understand the recording - write or select the answer,,,ରେକର୍ଡିଂ ବୁଝାପଡ଼ିଲା ନାହିଁ — ଉତ୍ତର ଲେଖନ୍ତୁ ବା ବାଛନ୍ତୁ,Didn't understand the recording - write or select the answer,,
104,,Follow-up not found,फ़ॉलो-अप नहीं मिला,No follow-up found,,,ଫଲୋ-ଅପ୍ ମିଳିଲା ନାହିଁ,No follow-up found,,
105,,What was done (required),क्या किया गया (ज़रूरी),What was done (essential),,,କ'ଣ କରାଗଲା (ଆବଶ୍ୟକ),What was done (required),,
106,,e.g. Phoned her back; coming in today with her husband,जैसे: वापस फ़ोन किया; आज पति के साथ आ रही है,Like: Called back; coming with husband today.,,,ଯେପରି: ଫେରି ଫୋନ୍ କଲି; ଆଜି ସ୍ୱାମୀଙ୍କ ସହ ଆସୁଛନ୍ତି,Like: I called back; I'm coming with my husband today.,,
107,,Phone back now. The agent said nothing about what the sign may mean; the person who calls decides what to do.,अभी वापस फ़ोन करें। एजेंट ने संकेत के मतलब के बारे में कुछ नहीं कहा; फ़ोन करने वाला व्यक्ति तय करेगा कि क्या करना है।,Call back now. The agent didn't say anything about what the signal meant; the caller will decide what to do.,,,ଏବେ ଫେରି ଫୋନ୍ କରନ୍ତୁ। ଏଜେଣ୍ଟ ସଙ୍କେତର ଅର୍ଥ ବିଷୟରେ କିଛି କହିନାହିଁ; ଫୋନ୍ କରୁଥିବା ବ୍ୟକ୍ତି କ'ଣ କରିବେ ସ୍ଥିର କରିବେ।,Call back now. The agent didn't say anything about the meaning of the code; the caller will decide what to do.,,
108,,"Raised by fixed rules, not by a model: too many RED cases for the doctors on duty, a fever cluster from one place, a missed check-up, or a danger sign on a reminder call.","तय नियमों से, मॉडल से नहीं: ड्यूटी पर डॉक्टरों के मुक़ाबले बहुत ज़्यादा लाल केस, एक जगह से बुखार का समूह, छूटी जाँच, या रिमाइंडर कॉल पर ख़तरे का संकेत।","By the set rules, not the model: Too many red cases compared to doctors on duty, a fever cluster from one location, missed checkups, or a warning sign on a reminder call.",,,"ନିର୍ଦ୍ଦିଷ୍ଟ ନିୟମରୁ, ମଡେଲ୍‌ରୁ ନୁହେଁ: ଡ୍ୟୁଟିରେ ଥିବା ଡାକ୍ତରଙ୍କ ତୁଳନାରେ ଅଧିକ ଲାଲ କେସ୍, ଗୋଟିଏ ସ୍ଥାନରୁ ଜ୍ୱର ସମୂହ, ଛୁଟିଯାଇଥିବା ଯାଞ୍ଚ, ବା ରିମାଇଣ୍ଡର କଲ୍‌ରେ ବିପଦ ସଙ୍କେତ।","From specific rules, not models: more red cases than doctors on duty, fever clusters from one location, missed checkups, or warning signs on reminder calls.",,
109,,Send,भेजें,Send,,,ପଠାନ୍ତୁ,Send,,
110,,Reminder SMS sent to the demo phone {n},रिमाइंडर SMS डेमो फ़ोन {n} पर भेजा गया,Reminder SMS demo sent to phone {n},,,ରିମାଇଣ୍ଡର SMS ଡେମୋ ଫୋନ୍ {n}କୁ ପଠାଗଲା,Reminder SMS demo sent to phone {n},,
111,,Send SMS,SMS भेजें,Send SMS,,,SMS ପଠାନ୍ତୁ,Send SMS,,
112,,Ring the demo phone {n},डेमो फ़ोन {n} पर कॉल करें,Call the demo phone {n},,,ଡେମୋ ଫୋନ୍ {n}କୁ କଲ୍ କରନ୍ତୁ,Call the demo phone {n},,
113,,"On the phone: the patient answers on the keypad (1 yes, 2 no, 3 not sure). The last question is recorded.","फ़ोन पर: मरीज़ कीपैड से जवाब देती/देता है (1 हाँ, 2 ना, 3 पता नहीं)। आख़िरी प्रश्न का जवाब रिकॉर्ड होता है।","On the phone: The patient responds with a keypad (1 yes, 2 no, 3 not known). The answer to the last question is recorded.",,,"ଫୋନରେ: ରୋଗୀ କୀପ୍ୟାଡରେ ଉତ୍ତର ଦିଅନ୍ତି (1 ହଁ, 2 ନା, 3 ଜାଣିନି)। ଶେଷ ପ୍ରଶ୍ନର ଉତ୍ତର ରେକର୍ଡ ହୁଏ।","On the phone: The patient answers on the keypad (1 Yes, 2 No, 3 Don't know). The answer to the last question is recorded.",,
114,,Ringing the demo phone {n}…,डेमो फ़ोन {n} पर घंटी जा रही है…,The demo phone is ringing on {n}...,,,ଡେମୋ ଫୋନ୍ {n}ରେ ଘଣ୍ଟି ବାଜୁଛି…,The demo phone {n} is ringing...,,
115,,Hang up,कॉल काटें,Cut the call,,,କଲ୍ କାଟନ୍ତୁ,Cut the call,,
116,,Also texted to the demo phone {n} (standing in for the medical officer and the health worker).,डेमो फ़ोन {n} पर SMS भी भेजा गया (चिकित्सा अधिकारी और स्वास्थ्य कर्मी की जगह)।,An SMS was also sent to the demo phone {n} (instead of the medical officer and health worker).,,,ଡେମୋ ଫୋନ୍ {n}କୁ SMS ମଧ୍ୟ ପଠାଗଲା (ମେଡିକାଲ ଅଫିସର ଓ ସ୍ୱାସ୍ଥ୍ୟକର୍ମୀଙ୍କ ବଦଳରେ)।,SMS was also sent to the demo phone {n} (instead of medical officers and health workers).,,
117,,"Ordered by rules-engine urgency, then escalated cases, then time waiting since arrival; each row says why it is where it is. Critical cases auto-escalate after 15 minutes.","नियम-इंजन की तात्कालिकता, फिर एस्केलेट हुए मामले, फिर पहुँचने के बाद से प्रतीक्षा के क्रम में; हर पंक्ति बताती है कि वह वहाँ क्यों है। गंभीर मामले 15 मिनट बाद अपने-आप एस्केलेट होते हैं।","The rule - the urgency of the engine, then the escalated cases, then the waiting order since arrival; each line explains why it is there. Severe cases escalate automatically after 15 minutes.",,,"ନିୟମ-ଇଞ୍ଜିନର ଜରୁରୀତା, ତାପରେ ଏସ୍କାଲେଟ୍ ହୋଇଥିବା ମାମଲା, ତାପରେ ପହଞ୍ଚିବା ପରଠାରୁ ଅପେକ୍ଷା ସମୟ କ୍ରମରେ; ପ୍ରତ୍ୟେକ ଧାଡ଼ି କହେ ଏହା କାହିଁକି ସେଠାରେ ଅଛି। ଗୁରୁତର ମାମଲା 15 ମିନିଟ୍ ପରେ ଆପେ ଏସ୍କାଲେଟ୍ ହୁଏ।","Rules - engine urgency, followed by escalated cases, followed by wait times since arrival; each line says why it is there. Severe cases automatically escalate after 15 minutes.",,
118,,from home,घर से,From home,,,ଘରୁ,From home,,
119,,+{n} more,+{n} और,+ {n} and,,,+{n} ଅଧିକ,+ {n} more,,
120,,{n} flags,{n} चेतावनियाँ,{n} Warnings,,,{n}ଟି ସତର୍କତା,{n} warnings,,
121,,Why here:,यहाँ क्यों:,Here's why:,,,ଏଠାରେ କାହିଁକି:,Here's why:,,
122,,Out of range,सीमा से बाहर,out of bounds,,,ସୀମା ବାହାରେ,Out of the Borders,,
123,,Borderline,सीमा के पास,near the border.,,,ସୀମା ପାଖରେ,near the border.,,
124,,Hide the values within range,सीमा के भीतर वाले मान छिपाएँ,Hide values within the range,,,ସୀମା ଭିତରେ ଥିବା ମାନ ଲୁଚାନ୍ତୁ,Hide values within the range,,
125,,Show {n} values within range,सीमा के भीतर वाले {n} मान दिखाएँ,Show the {n} values within the range,,,ସୀମା ଭିତରେ ଥିବା {n}ଟି ମାନ ଦେଖାନ୍ତୁ,Show the {n} values within the range,,
126,,{n} out of range,{n} सीमा से बाहर,{n} out of bounds,,,{n}ଟି ସୀମା ବାହାରେ,{n} out of bounds,,
127,,{n} to check,{n} जाँचने हैं,{n} to check,,,{n}ଟି ଯାଞ୍ଚ କରିବାକୁ,To check {n},,
128,,{n} expected from home,घर से {n} अपेक्षित,Expected {n} from home,,,ଘରୁ {n} ଜଣ ଆସିବାର ଅଛି,{n} people have to come from home,,
129,,Consent,सहमति,Consent,,,ସମ୍ମତି,Consent,,
130,,Visit,मुलाक़ात,meeting,,,ଭିଜିଟ୍,Visit,,
131,,Problem,तकलीफ़,trouble,,,ସମସ୍ୟା,Problem,,
132,,Also,और भी,And more,,,ଆହୁରି,More,,
133,,Since,कब से,Since when,,,କେବେଠାରୁ,Ever since,,
134,,Files,फ़ाइलें,Files,,,ଫାଇଲ୍,File,,
135,,Answers,जवाब,Answer,,,ଉତ୍ତର,Answer,,
136,,Given by patient,मरीज़ ने दी,The patient has provided,,,ରୋଗୀ ଦେଇଛନ୍ତି,The patient has been given,,
137,,Given by {name} ({rel}),{name} ({rel}) ने दी,{name} ({rel}) gave,,,{name} ({rel}) ଦେଇଛନ୍ତି,{name} ({rel}) given,,
138,,{n} y,{n} वर्ष,{n} year,,,{n} ବର୍ଷ,{n} year,,
139,,new,नया,New,,,ନୂଆ,New,,
140,,No patient login: patients get a clinician-issued slip and never see an urgency tier.,मरीज़ों का कोई लॉगिन नहीं: उन्हें स्वास्थ्यकर्मी की दी हुई पर्ची मिलती है और वे कभी तात्कालिकता स्तर नहीं देखते।,Patients have no login: they receive a prescription from a healthcare provider and never see an urgency level.,,,ରୋଗୀଙ୍କ ପାଇଁ କୌଣସି ଲଗଇନ୍ ନାହିଁ: ସେମାନେ ସ୍ୱାସ୍ଥ୍ୟକର୍ମୀଙ୍କ ଦିଆ ସ୍ଲିପ୍ ପାଆନ୍ତି ଏବଂ କେବେ ଜରୁରୀତା ସ୍ତର ଦେଖନ୍ତି ନାହିଁ।,There is no login for patients: they receive a health worker's slip and never see the emergency level.,,
141,,Shortness of breath — high-risk chief complaint (odds ratio 43.7 for death or ICU in 72 h),साँस फूलना — उच्च-जोखिम मुख्य शिकायत (72 घंटे में मृत्यु या ICU का ऑड्स रेशियो 43.7),Shortness of breath - high-risk main complaint (odds ratio of death or ICU in 72 hours 43. 7),,,ନିଶ୍ୱାସ ଫୁଲିବା — ଉଚ୍ଚ-ବିପଦ ମୁଖ୍ୟ ଅଭିଯୋଗ (72 ଘଣ୍ଟାରେ ମୃତ୍ୟୁ ବା ICU ର ଅଡସ୍ ରେସିଓ 43.7),Shortness of breath - high-risk main complaint (death in 72 hours or odds ratio of ICU 43.7),,
143,,Vomiting blood — high-risk chief complaint (odds ratio 3.88),खून की उल्टी — उच्च-जोखिम मुख्य शिकायत (ऑड्स रेशियो 3.88),Vomiting of blood - high-risk main complaint (odds ratio 3.88),,,ରକ୍ତ ବାନ୍ତି — ଉଚ୍ଚ-ବିପଦ ମୁଖ୍ୟ ଅଭିଯୋଗ (ଅଡସ୍ ରେସିଓ 3.88),Vomiting - High-risk main complaint (Odds ratio 3.88),,
144,,Fall from height — high-risk chief complaint (odds ratio 3.88),ऊँचाई से गिरना — उच्च-जोखिम मुख्य शिकायत (ऑड्स रेशियो 3.88),Falling from a height - high-risk main complaint (odds ratio 3.88),,,ଉଚ୍ଚସ୍ଥାନରୁ ପଡ଼ିବା — ଉଚ୍ଚ-ବିପଦ ମୁଖ୍ୟ ଅଭିଯୋଗ (ଅଡସ୍ ରେସିଓ 3.88),Falling from a high position - high-risk main complaint (Odds ratio 3.88),,
145,,Weakness of one side of the body — high-risk chief complaint (odds ratio 3.16),शरीर के एक तरफ़ कमज़ोरी — उच्च-जोखिम मुख्य शिकायत (ऑड्स रेशियो 3.16),Weakness on one side of the body - high-risk main complaint (odds ratio 3.16),,,ଶରୀରର ଗୋଟିଏ ପାର୍ଶ୍ୱରେ ଦୁର୍ବଳତା — ଉଚ୍ଚ-ବିପଦ ମୁଖ୍ୟ ଅଭିଯୋଗ (ଅଡସ୍ ରେସିଓ 3.16),Weakness on one side of the body - high-risk main complaint (Odds ratio 3.16),,
146,,Chest pain — high-risk chief complaint (odds ratio 1.78),छाती में दर्द — उच्च-जोखिम मुख्य शिकायत (ऑड्स रेशियो 1.78),Chest pain - high-risk main complaint (odds ratio 1.78),,,ଛାତି ଯନ୍ତ୍ରଣା — ଉଚ୍ଚ-ବିପଦ ମୁଖ୍ୟ ଅଭିଯୋଗ (ଅଡସ୍ ରେସିଓ 1.78),Chest pain - high-risk main complaint (odds ratio 1.78),,
147,,Stridor / noisy breathing,स्ट्राइडर / आवाज़ के साथ साँस,Breathing with a strider / voice,,,ଷ୍ଟ୍ରାଇଡର୍ / ଶବ୍ଦ କରି ନିଶ୍ୱାସ,Strider / sound breathing,,
148,,Angioedema involving the face,चेहरे पर एंजियोएडिमा (सूजन),Angioedema (swelling) on the face,,,ମୁହଁରେ ଆଞ୍ଜିଓଏଡିମା (ଫୁଲା),Angioedema (swelling) of the face,,
150,,Talking in incomplete sentences,अधूरे वाक्यों में बोल पाना,Being able to speak in incomplete sentences,,,ଅସମ୍ପୂର୍ଣ୍ଣ ବାକ୍ୟରେ କଥା କହିବା,Speak in incomplete sentences,,
151,,Audible wheeze,सुनाई देने वाली घरघराहट,audible wheezing,,,ଶୁଣାଯାଉଥିବା ସାଁ ସାଁ ଶବ୍ଦ (ହ୍ୱିଜ୍),Hearing Sounds (Whisks),,
152,,Respiratory rate > 22 or < 10 per minute,श्वसन दर > 22 या < 10 प्रति मिनट,Respiratory rate > 22 or < 10 per minute,,,ନିଶ୍ୱାସ ହାର ପ୍ରତି ମିନିଟରେ > 22 କିମ୍ବା < 10,Breathing rate > 22 or < 10 per minute,,
153,,SpO₂ below 90%,SpO₂ 90% से कम,SpO2 less than 90%,,,SpO₂ 90% ରୁ କମ୍,SpO2 less than 90%,,
154,,"Pulse < 50, or > 120 without fever","नाड़ी < 50, या बुखार के बिना > 120","Pulse < 50, or without fever > 120",,,"ନାଡ଼ି < 50, କିମ୍ବା ଜ୍ୱର ବିନା > 120","pulse < 50, or without fever > 120",,
155,,Systolic BP > 220 or diastolic BP > 110 mmHg,सिस्टोलिक BP > 220 या डायस्टोलिक BP > 110 mmHg,Systolic BP > 220 or diastolic BP > 110 mmHg,,,ସିଷ୍ଟୋଲିକ୍ BP > 220 କିମ୍ବା ଡାୟାଷ୍ଟୋଲିକ୍ BP > 110 mmHg,Systolic BP > 220 or diastolic BP > 110 mmHg,,
156,,Systolic BP < 90 or diastolic BP < 60 mmHg,सिस्टोलिक BP < 90 या डायस्टोलिक BP < 60 mmHg,Systolic BP < 90 or diastolic BP < 60 mmHg,,,ସିଷ୍ଟୋଲିକ୍ BP < 90 କିମ୍ବା ଡାୟାଷ୍ଟୋଲିକ୍ BP < 60 mmHg,Systolic BP < 90 or diastolic BP < 60 mmHg,,
157,,Shock index (pulse ÷ systolic BP) above 1,शॉक इंडेक्स (नाड़ी ÷ सिस्टोलिक BP) 1 से अधिक,Shock index (pulse ÷ systolic BP) greater than 1,,,ଶକ୍ ଇଣ୍ଡେକ୍ସ (ନାଡ଼ି ÷ ସିଷ୍ଟୋଲିକ୍ BP) 1 ରୁ ଅଧିକ,Shock index (pulse ÷ systolic BP) greater than 1,,
158,,"Active bleeding — nose, gums, vomiting blood or other","चल रहा रक्तस्राव — नाक, मसूड़े, खून की उल्टी या अन्य","Ongoing bleeding - nose, gums, vomiting blood, or other",,,"ଚାଲୁଥିବା ରକ୍ତସ୍ରାବ — ନାକ, ମାଢ଼ି, ରକ୍ତ ବାନ୍ତି କିମ୍ବା ଅନ୍ୟ","Ongoing bleeding - nose, gums, vomiting, or other",,
159,,"Altered sensorium — responds only to voice or pain, or unresponsive","बदली हुई चेतना — केवल आवाज़ या दर्द पर प्रतिक्रिया, या कोई प्रतिक्रिया नहीं","Altered consciousness - only a response to sound or pain, or no response at all",,,"ଚେତନାରେ ପରିବର୍ତ୍ତନ — କେବଳ ସ୍ୱର ବା ଯନ୍ତ୍ରଣାରେ ପ୍ରତିକ୍ରିୟା, କିମ୍ବା ପ୍ରତିକ୍ରିୟାହୀନ","Changes in consciousness - response only to sound or pain, or unresponsiveness",,
160,,Acute chest pain (onset within 24 h),अचानक छाती में दर्द (24 घंटे के भीतर शुरू),Sudden chest pain (starting within 24 hours),,,ହଠାତ୍ ଛାତି ଯନ୍ତ୍ରଣା (24 ଘଣ୍ଟା ଭିତରେ ଆରମ୍ଭ),Sudden chest pain (starting within 24 hours),,
161,,Limb weakness (onset within 24 h),हाथ-पैर में कमज़ोरी (24 घंटे के भीतर शुरू),Weakness in the limbs (starting within 24 hours),,,ହାତ ବା ଗୋଡ଼ରେ ଦୁର୍ବଳତା (24 ଘଣ୍ଟା ଭିତରେ ଆରମ୍ଭ),Weakness in the hands or feet (starting within 24 hours),,
162,,Suspected stroke presenting within 24 h,"संदिग्ध स्ट्रोक, 24 घंटे के भीतर","Suspected stroke, within 24 hours.",,,"ସନ୍ଦିଗ୍ଧ ଷ୍ଟ୍ରୋକ୍, 24 ଘଣ୍ଟା ଭିତରେ","Suspected stroke, within 24 hours.",,
163,,"Drowning, hanging, electrocution or trauma with a dangerous mechanism","डूबना, फाँसी, बिजली का झटका या ख़तरनाक तरीके से लगी चोट","Drowning, hanging, electrocution, or fatal injury",,,"ବୁଡ଼ିଯିବା, ଫାଶୀ, ବିଦ୍ୟୁତ୍ ଆଘାତ କିମ୍ବା ବିପଜ୍ଜନକ ଭାବେ ଲାଗିଥିବା ଆଘାତ","Drowning, hanging, electrocution, or dangerous injuries",,
164,,Acute-onset shortness of breath (within 12 h),अचानक साँस फूलना (12 घंटे के भीतर),Sudden shortness of breath (within 12 hours),,,ହଠାତ୍ ନିଶ୍ୱାସ ଫୁଲିବା (12 ଘଣ୍ଟା ଭିତରେ),Sudden shortness of breath (within 12 hours),,
165,,"Acute limb ischaemia — limb pulseless, or painful and pale/cold","अचानक अंग में रक्त प्रवाह रुकना — अंग में नाड़ी नहीं, या दर्द के साथ फीका/ठंडा","Sudden stoppage of blood flow to the limb - no pulse in the limb, or fading / chills with pain",,,"ହଠାତ୍ ଅଙ୍ଗରେ ରକ୍ତ ପ୍ରବାହ ବନ୍ଦ — ଅଙ୍ଗରେ ନାଡ଼ି ନାହିଁ, କିମ୍ବା ଯନ୍ତ୍ରଣା ସହ ଫିକା/ଥଣ୍ଡା","Sudden stoppage of blood flow to the limb - no movement in the limb, or fainting / chills with pain",,
166,,Allergic reaction,एलर्जी प्रतिक्रिया,Allergic reaction,,,ଆଲର୍ଜି ପ୍ରତିକ୍ରିୟା,Allergic reaction,,
167,,Acute scrotal or inguinal pain in a male,पुरुष में अचानक अंडकोश या जाँघ के जोड़ में दर्द,Sudden pain in the scrotum or thigh joint in men,,,ପୁରୁଷଙ୍କ ଠାରେ ହଠାତ୍ ଅଣ୍ଡକୋଷ ବା କୁଞ୍ଚକୁ ଯନ୍ତ୍ରଣା,Sudden pain in the testicles or groin in men,,
168,,Severe pain anywhere in the body (self-rated 7/10 or more),शरीर में कहीं भी तेज़ दर्द (स्वयं बताया 7/10 या अधिक),Acute pain anywhere in the body (self-reported 7/10 or more),,,ଶରୀରର ଯେକୌଣସି ସ୍ଥାନରେ ତୀବ୍ର ଯନ୍ତ୍ରଣା (ନିଜେ କହିଥିବା 7/10 ବା ଅଧିକ),Acute pain anywhere on the body (self-reported 7/10 or more),,
169,,Sudden-onset abdominal pain,अचानक शुरू हुआ पेट दर्द,Sudden onset of abdominal pain,,,ହଠାତ୍ ଆରମ୍ଭ ହୋଇଥିବା ପେଟ ଯନ୍ତ୍ରଣା,Sudden onset of abdominal pain,,
170,,Sudden headache,अचानक सिरदर्द,Sudden headache,,,ହଠାତ୍ ମୁଣ୍ଡବିନ୍ଧା,Sudden headache,,
171,,Acute urinary retention,अचानक पेशाब रुक जाना,Sudden stoppage of urination,,,ହଠାତ୍ ପରିସ୍ରା ବନ୍ଦ ହୋଇଯିବା,Sudden stoppage of urine,,
172,,History of syncope (fainting),बेहोश होने का इतिहास,History of fainting,,,ଚେତା ହରାଇବାର ଇତିହାସ,A history of loss of consciousness,,
173,,Needle-prick injury,सुई चुभने की चोट,Needle sting injury,,,ଛୁଞ୍ଚି ଫୋଡ଼ି ହେବା ଆଘାତ,Knee injury,,
174,,Fever with temperature above 39 °C (102.2 °F),39 °C (102.2 °F) से अधिक तापमान के साथ बुखार,Fever with a temperature above 39 ° C (102.2 ° F),,,39 °C (102.2 °F) ରୁ ଅଧିକ ତାପମାତ୍ରା ସହ ଜ୍ୱର,Fever with a temperature above 39 ° C (102.2 ° F),,
175,,"Outside evaluation suggesting a time-sensitive emergency (ACS, dissection, stroke, sepsis, leukaemia, recent chemotherapy, potassium > 5.5)","बाहरी जाँच में समय-संवेदनशील आपात स्थिति का संकेत (ACS, डिसेक्शन, स्ट्रोक, सेप्सिस, ल्यूकेमिया, हाल की कीमोथेरेपी, पोटैशियम > 5.5)","Indications of a time-sensitive emergency in external examination (ACS, dissection, stroke, sepsis, leukemia, recent chemotherapy, potassium > 5.5)",,,"ବାହାର ଯାଞ୍ଚରେ ସମୟ-ସମ୍ବେଦନଶୀଳ ଜରୁରୀ ଅବସ୍ଥାର ସଙ୍କେତ (ACS, ଡିସେକ୍ସନ୍, ଷ୍ଟ୍ରୋକ୍, ସେପ୍ସିସ୍, ଲ୍ୟୁକେମିଆ, ସାମ୍ପ୍ରତିକ କେମୋଥେରାପି, ପୋଟାସିୟମ୍ > 5.5)","Signs of a time-sensitive emergency in external examination (ACS, dissection, stroke, sepsis, leukemia, current chemotherapy, potassium > 5.5)",,
176,,Abdominal pain with vaginal bleeding,योनि से रक्तस्राव के साथ पेट दर्द,Abdominal pain with vaginal bleeding,,,ଯୋନିରୁ ରକ୍ତସ୍ରାବ ସହ ପେଟ ଯନ୍ତ୍ରଣା,Abdominal pain with vaginal bleeding,,
177,,Agitated or violent patient,उत्तेजित या हिंसक मरीज़,Aroused or violent patient,,,ଉତ୍ତେଜିତ ବା ହିଂସ୍ର ରୋଗୀ,agitated or violent patient,,
178,,Unresponsive,कोई प्रतिक्रिया नहीं,No response,,,ପ୍ରତିକ୍ରିୟାହୀନ,unresponsive,,
179,,Stridor,स्ट्राइडर (साँस में सीटी जैसी आवाज़),Strider (whistling sound in breath),,,ଷ୍ଟ୍ରାଇଡର୍ (ନିଶ୍ୱାସରେ ସିଟି ପରି ଶବ୍ଦ),Strider (sounds like city in breath),,
180,,Respiratory distress or central cyanosis,साँस लेने में गंभीर तकलीफ़ या केंद्रीय सायनोसिस (होंठ/जीभ नीले),Severe shortness of breath or central sinusitis (lip / tongue blue),,,ନିଶ୍ୱାସ ନେବାରେ ଗମ୍ଭୀର କଷ୍ଟ କିମ୍ବା କେନ୍ଦ୍ରୀୟ ସାଇନୋସିସ୍ (ଓଠ/ଜିଭ ନୀଳ),Severe shortness of breath or central sinusitis (lip / tongue blue),,
181,,Capillary refill > 3 seconds,कैपिलरी रिफ़िल > 3 सेकंड,Capillary refill > 3 seconds,,,କ୍ୟାପିଲାରୀ ରିଫିଲ୍ > 3 ସେକେଣ୍ଡ,Capillary refill > 3 seconds,,
182,,Weak and fast pulse,कमज़ोर और तेज़ नाड़ी,Weak and fast pulse,,,ଦୁର୍ବଳ ଓ ଦ୍ରୁତ ନାଡ଼ି,Weak and fast pulse,,
183,,Heavy bleeding,भारी रक्तस्राव,Heavy bleeding,,,ଅଧିକ ରକ୍ତସ୍ରାବ,Excessive bleeding,,
184,,Heart rate < 50 or > 150,हृदय गति < 50 या > 150,Heart rate < 50 or > 150,,,ହୃଦସ୍ପନ୍ଦନ ହାର < 50 କିମ୍ବା > 150,Heart rate < 50 or > 150,,
186,,"Any two of — fever or hypothermia, headache, altered mental status, stiff neck","इनमें से कोई दो — बुखार या शरीर का बहुत ठंडा होना, सिरदर्द, बदली हुई मानसिक स्थिति, गर्दन में अकड़न","Any two of these - fever or extreme body chills, headache, altered mental status, stiffness in the neck",,,"ଏଥିରୁ ଯେକୌଣସି ଦୁଇଟି — ଜ୍ୱର ବା ଶରୀର ତାପମାତ୍ରା ଅତି କମ୍, ମୁଣ୍ଡବିନ୍ଧା, ମାନସିକ ଅବସ୍ଥାରେ ପରିବର୍ତ୍ତନ, ବେକ ଟାଣ","Any two of these - fever or very low body temperature, headache, mood swings, neck tension",,
187,,Hypoglycaemia (blood glucose below 70 mg/dL),हाइपोग्लाइसीमिया (रक्त शर्करा 70 mg/dL से कम),Hypoglycemia (blood sugar less than 70 mg / dL),,,ହାଇପୋଗ୍ଲାଇସେମିଆ (ରକ୍ତ ଶର୍କରା 70 mg/dL ରୁ କମ୍),Hypoglycemia (blood sugar less than 70 mg / dL),,
188,,"High-risk trauma — fall from height, road crash mechanism, penetrating, crush, or injury in pregnancy","उच्च-जोखिम चोट — ऊँचाई से गिरना, सड़क दुर्घटना, भेदने वाली या कुचलने वाली चोट, या गर्भावस्था में चोट","High-risk injury - fall from a height, road accident, penetrating or crushing injury, or pregnancy injury",,,"ଉଚ୍ଚ-ବିପଦ ଆଘାତ — ଉଚ୍ଚସ୍ଥାନରୁ ପଡ଼ିବା, ସଡ଼କ ଦୁର୍ଘଟଣା, ଭେଦକାରୀ ବା ଚାପି ହେବା ଆଘାତ, କିମ୍ବା ଗର୍ଭାବସ୍ଥାରେ ଆଘାତ","High-risk injuries - falls from high altitudes, road accidents, penetrative or compression injuries, or pregnancy injuries",,
189,,Any burn at age over 70,70 वर्ष से अधिक उम्र में जलने की कोई भी चोट,Any burn injury over the age of 70,,,70 ବର୍ଷରୁ ଅଧିକ ବୟସରେ ଯେକୌଣସି ପୋଡ଼ା,Any burns over the age of 70,,
190,,Poisoning / ingestion or dangerous chemical exposure,ज़हर / कुछ निगल लेना या ख़तरनाक रसायन के संपर्क में आना,Poisoning / swallowing something or being exposed to a dangerous chemical,,,ବିଷ / କିଛି ଗିଳିଦେବା କିମ୍ବା ବିପଜ୍ଜନକ ରାସାୟନିକ ସଂସ୍ପର୍ଶ,Poisoning / swallowing anything or exposure to dangerous chemicals,,
191,,Threatened limb,अंग ख़तरे में,organs in danger.,,,ଅଙ୍ଗ ବିପଦରେ,organs at risk.,,
192,,Snake bite,साँप का काटना,Snake bite,,,ସାପ କାମୁଡ଼ା,Snake bites,,
193,,"Acute chest or abdominal pain, age over 50",50 वर्ष से अधिक उम्र में अचानक छाती या पेट में दर्द,Sudden chest or abdominal pain over the age of 50,,,50 ବର୍ଷରୁ ଅଧିକ ବୟସରେ ହଠାତ୍ ଛାତି ବା ପେଟ ଯନ୍ତ୍ରଣା,Sudden chest or abdominal pain over the age of 50,,
194,,Violent or aggressive,हिंसक या आक्रामक,Violent or Aggressive,,,ହିଂସ୍ର ବା ଆକ୍ରମଣାତ୍ମକ,Violent or Aggressive,,
196,,"Swelling or mass of mouth, throat or neck","मुँह, गले या गर्दन में सूजन या गाँठ","Swelling or lump in the mouth, throat, or neck",,,"ପାଟି, ଗଳା ବା ବେକରେ ଫୁଲା ବା ଗଣ୍ଠି","Swelling or lump in the mouth, throat, or neck",,
197,,Wheezing,घरघराहट,Household,,,ସାଁ ସାଁ ଶବ୍ଦ (ହ୍ୱିଜ୍),Saan Saan word (Whis),,
199,,Unable to feed or drink,खा या पी न पाना,Not being able to eat or drink,,,ଖାଇ ବା ପିଇ ନ ପାରିବା,Not being able to eat or drink,,
200,,Severe pallor,"गंभीर फीकापन (त्वचा, होंठ या नाखून सफ़ेद पड़ना)","Severe fading (whitening of the skin, lips, or nails)",,,ଅତ୍ୟଧିକ ଫିକା ପଡ଼ିବା,Excessive fainting,,
201,,Ongoing bleeding,लगातार रक्तस्राव,Persistent bleeding,,,ଲଗାତାର ରକ୍ତସ୍ରାବ,Persistent bleeding,,
202,,Recent fainting,हाल ही में बेहोशी,recently fainting,,,ନିକଟରେ ଚେତା ହରାଇବା,Recent loss of consciousness,,
204,,Acute general weakness,अचानक सामान्य कमज़ोरी,Sudden general weakness,,,ହଠାତ୍ ସାଧାରଣ ଦୁର୍ବଳତା,Sudden general weakness,,
205,,Acute focal neurological complaint,अचानक किसी एक अंग/हिस्से से जुड़ी तंत्रिका संबंधी शिकायत,A sudden neurological complaint involving one of the organs / parts,,,ହଠାତ୍ ଗୋଟିଏ ଅଙ୍ଗ/ଅଂଶ ସମ୍ବନ୍ଧୀୟ ସ୍ନାୟୁ ଅଭିଯୋଗ,Sudden nerve complaints related to an organ / part,,
206,,Acute visual disturbance,अचानक दृष्टि में गड़बड़ी,Sudden visual impairment,,,ହଠାତ୍ ଦୃଷ୍ଟିରେ ଅସୁବିଧା,Sudden visual impairment,,
207,,Severe pain,तेज़ दर्द,Acute pain,,,ତୀବ୍ର ଯନ୍ତ୍ରଣା,Severe pain,,
208,,New rash worsening over hours or peeling,नए दाने जो घंटों में बढ़ रहे हों या त्वचा उतर रही हो,New rashes that are growing in hours or the skin is shedding.,,,ନୂଆ ଫୁଟକା ଯାହା ଘଣ୍ଟା ଘଣ୍ଟାରେ ବଢ଼ୁଛି କିମ୍ବା ଚର୍ମ ଉଠିଯାଉଛି,New droplets that grow or peel off in a matter of hours,,
209,,"Visible limb deformity, open fracture or suspected dislocation","अंग में दिखने वाली विकृति, खुला फ्रैक्चर या संदिग्ध जोड़ खिसकना","Visible limb deformity, open fracture, or suspicious joint dislocation",,,"ଅଙ୍ଗରେ ଦେଖାଯାଉଥିବା ବିକୃତି, ଖୋଲା ହାଡ଼ ଭଙ୍ଗା କିମ୍ବା ସନ୍ଦିଗ୍ଧ ଗଣ୍ଠି ଖସିବା","visible deformities in the limb, broken open bones, or suspected joint collapse",,
210,,Other trauma or burns,अन्य चोट या जलने की चोट,Other injuries or burns,,,ଅନ୍ୟ ଆଘାତ ବା ପୋଡ଼ା,Other injuries or burns,,
211,,Sexual assault,यौन हमला,Sexual assault,,,ଯୌନ ଆକ୍ରମଣ,Sexual assault,,
212,,Acute testicular / scrotal pain or priapism,अचानक अंडकोष / अंडकोश में दर्द या प्रियापिज़्म (लगातार दर्दनाक तनाव),Sudden testicular / scrotum pain or priapism (persistent painful tension),,,ହଠାତ୍ ଅଣ୍ଡକୋଷ / ଅଣ୍ଡଥଳିରେ ଯନ୍ତ୍ରଣା କିମ୍ବା ପ୍ରିଆପିଜମ୍ (ଲଗାତାର ଯନ୍ତ୍ରଣାଦାୟକ ଟାଣ),Sudden testicular / oesophageal pain or priapism (persistent painful stretching),,
213,,Unable to pass urine,पेशाब न कर पाना,Not being able to urinate,,,ପରିସ୍ରା କରିପାରୁ ନାହାନ୍ତି,Can't urinate,,
214,,"Exposure requiring time-sensitive prophylaxis (animal bite, needlestick)","ऐसा संपर्क जिसमें समय पर बचाव का इलाज (टीका या दवा) ज़रूरी है (जानवर का काटना, सुई चुभना)","Contact that requires timely preventive treatment (vaccine or medication) (animal bites, needle pricking)",,,"ଏପରି ସଂସ୍ପର୍ଶ ଯେଉଁଥିରେ ସମୟରେ ପ୍ରତିଷେଧକ ଚିକିତ୍ସା ଜରୁରୀ (ପଶୁ କାମୁଡ଼ା, ଛୁଞ୍ଚି ଫୋଡ଼ି ହେବା)","Contact that requires timely preventive treatment (animal bites, needles)",,
215,,High-risk vital sign — heart rate < 60 or > 130,उच्च-जोखिम वाइटल साइन — हृदय गति < 60 या > 130,High-risk vital sign - heart rate < 60 or > 130,,,ଉଚ୍ଚ-ବିପଦ ଜୀବନ ସଙ୍କେତ — ହୃଦସ୍ପନ୍ଦନ ହାର < 60 କିମ୍ବା > 130,High-risk life sign - heart rate < 60 or > 130,,
216,,High-risk vital sign — respiratory rate < 10 or > 30,उच्च-जोखिम वाइटल साइन — श्वसन दर < 10 या > 30,High-risk vital sine-respiratory rate < 10 or > 30,,,ଉଚ୍ଚ-ବିପଦ ଜୀବନ ସଙ୍କେତ — ନିଶ୍ୱାସ ହାର < 10 କିମ୍ବା > 30,High-risk life sign - respiratory rate < 10 or > 30,,
217,,High-risk vital sign — temperature < 36 °C or > 39 °C,उच्च-जोखिम वाइटल साइन — तापमान < 36 °C या > 39 °C,High-risk vital sine-temperature < 36 ° C or > 39 ° C,,,ଉଚ୍ଚ-ବିପଦ ଜୀବନ ସଙ୍କେତ — ତାପମାତ୍ରା < 36 °C କିମ୍ବା > 39 °C,High-risk life sign - temperature < 36 ° C or > 39 ° C,,
218,,High-risk vital sign — SpO₂ below 92%,उच्च-जोखिम वाइटल साइन — SpO₂ 92% से कम,High-risk Vital Sign-SPO2 less than 92%,,,ଉଚ୍ଚ-ବିପଦ ଜୀବନ ସଙ୍କେତ — SpO₂ 92% ରୁ କମ୍,High-risk life sign - SpO2 less than 92%,,
219,,High-risk vital sign — AVPU other than Alert,उच्च-जोखिम वाइटल साइन — AVPU सतर्क (Alert) के अलावा,High-risk Vital Signs - In addition to the AVPU Alert,,,ଉଚ୍ଚ-ବିପଦ ଜୀବନ ସଙ୍କେତ — AVPU ସଜାଗ (Alert) ଛଡ଼ା ଅନ୍ୟ,High-risk life signals - other than an AVPU alert,,
220,,Cold extremities,हाथ-पैर ठंडे,Cold hands and feet,,,ହାତ ଗୋଡ଼ ଥଣ୍ଡା,cold hands and feet,,
223,,Hypoglycaemia (blood glucose below 54 mg/dL / 3 mmol/L),हाइपोग्लाइसीमिया (रक्त शर्करा 54 mg/dL / 3 mmol/L से कम),Hypoglycemia (blood sugar less than 54 mg / dL / 3 mmol / L),,,ହାଇପୋଗ୍ଲାଇସେମିଆ (ରକ୍ତ ଶର୍କରା 54 mg/dL / 3 mmol/L ରୁ କମ୍),Hypoglycemia (blood sugar less than 54 mg / dL / 3 mmol / L),,
224,,Any infant under 8 days old,8 दिन से कम उम्र का कोई भी शिशु,Any infant under 8 days of age,,,8 ଦିନରୁ କମ୍ ବୟସର ଯେକୌଣସି ଶିଶୁ,Any child under 8 days of age,,
225,,Age under 2 months with temperature < 36 °C or > 39 °C,"2 महीने से कम उम्र, तापमान < 36 °C या > 39 °C","Under 2 months of age, temperature < 36 ° C or > 39 ° C",,,"2 ମାସରୁ କମ୍ ବୟସ, ତାପମାତ୍ରା < 36 °C କିମ୍ବା > 39 °C","Age less than 2 months, temperature < 36 ° C or > 39 ° C",,
226,,"High-risk trauma — fall from height, road crash mechanism, penetrating or crush injury","उच्च-जोखिम चोट — ऊँचाई से गिरना, सड़क दुर्घटना, भेदने वाली या कुचलने वाली चोट","High-risk injury - fall from a height, road accident, penetrating or crushing injury",,,"ଉଚ୍ଚ-ବିପଦ ଆଘାତ — ଉଚ୍ଚସ୍ଥାନରୁ ପଡ଼ିବା, ସଡ଼କ ଦୁର୍ଘଟଣା, ଭେଦକାରୀ ବା ଚାପି ହେବା ଆଘାତ","High-risk injuries - falls from high altitudes, road accidents, penetrative or compression injuries",,
227,,Any burn at age under 2,2 वर्ष से कम उम्र में जलने की कोई भी चोट,Any burn injury at less than 2 years of age,,,2 ବର୍ଷରୁ କମ୍ ବୟସରେ ଯେକୌଣସି ପୋଡ଼ା,Any burns in the age of less than 2 years,,
229,,Dehydration,निर्जलीकरण (पानी की कमी),Dehydration (lack of water),,,ଶରୀରରେ ପାଣି ଅଭାବ (ଡିହାଇଡ୍ରେସନ୍),Lack of water in the body (dehydration),,
231,,Any infant 8 days to 6 months old,8 दिन से 6 महीने तक का कोई भी शिशु,Any infant from 8 days to 6 months,,,8 ଦିନରୁ 6 ମାସ ବୟସର ଯେକୌଣସି ଶିଶୁ,Any child between the ages of 8 days and 6 months,,
233,,Trauma or burn,चोट या जलने की चोट,Injury or burn injury,,,ଆଘାତ ବା ପୋଡ଼ା,Injury or burn,,
234,,Exposure requiring time-sensitive prophylaxis (animal bite),ऐसा संपर्क जिसमें समय पर बचाव का इलाज (टीका या दवा) ज़रूरी है (जानवर का काटना),Contact that requires timely preventive treatment (vaccine or medication) (animal bites),,,ଏପରି ସଂସ୍ପର୍ଶ ଯେଉଁଥିରେ ସମୟରେ ପ୍ରତିଷେଧକ ଚିକିତ୍ସା ଜରୁରୀ (ପଶୁ କାମୁଡ଼ା),Contact that requires timely preventive treatment (animal bites),,
235,,High-risk respiratory rate for age under 1 — ≥ 50 or < 25,1 वर्ष से कम उम्र के लिए उच्च-जोखिम श्वसन दर — ≥ 50 या < 25,High-risk respiratory rate for under 1 year - ≥ 50 or < 25,,,1 ବର୍ଷରୁ କମ୍ ବୟସ ପାଇଁ ଉଚ୍ଚ-ବିପଦ ନିଶ୍ୱାସ ହାର — ≥ 50 କିମ୍ବା < 25,High-risk respiratory rate for under 1 year of age - ≥ 50 or < 25,,
236,,High-risk respiratory rate for age 1–4 — ≥ 40 or < 20,1–4 वर्ष की उम्र के लिए उच्च-जोखिम श्वसन दर — ≥ 40 या < 20,High-risk respiratory rate for ages 1 - 4 years - ≥ 40 or < 20,,,1–4 ବର୍ଷ ବୟସ ପାଇଁ ଉଚ୍ଚ-ବିପଦ ନିଶ୍ୱାସ ହାର — ≥ 40 କିମ୍ବା < 20,High-risk respiratory rate for ages 1 - 4 years - ≥ 40 or < 20,,
237,,High-risk respiratory rate for age 5–12 — ≥ 30 or < 10,5–12 वर्ष की उम्र के लिए उच्च-जोखिम श्वसन दर — ≥ 30 या < 10,High-risk respiratory rate for 5-12 years of age - ≥ 30 or < 10,,,5–12 ବର୍ଷ ବୟସ ପାଇଁ ଉଚ୍ଚ-ବିପଦ ନିଶ୍ୱାସ ହାର — ≥ 30 କିମ୍ବା < 10,High-risk respiratory rate for 5-12 years of age - ≥ 30 or < 10,,
238,,High-risk heart rate for age under 1 — ≥ 180 or < 90,1 वर्ष से कम उम्र के लिए उच्च-जोखिम हृदय गति — ≥ 180 या < 90,High-risk heart rate for under 1 year - ≥ 180 or < 90,,,1 ବର୍ଷରୁ କମ୍ ବୟସ ପାଇଁ ଉଚ୍ଚ-ବିପଦ ହୃଦସ୍ପନ୍ଦନ ହାର — ≥ 180 କିମ୍ବା < 90,High-risk heart rate for under 1 year of age - ≥ 180 or < 90,,
239,,High-risk heart rate for age 1–4 — ≥ 160 or < 80,1–4 वर्ष की उम्र के लिए उच्च-जोखिम हृदय गति — ≥ 160 या < 80,High-risk heart rate for ages 1 - 4 years - ≥ 160 or < 80,,,1–4 ବର୍ଷ ବୟସ ପାଇଁ ଉଚ୍ଚ-ବିପଦ ହୃଦସ୍ପନ୍ଦନ ହାର — ≥ 160 କିମ୍ବା < 80,High-risk heart rate for ages 1 - 4 years - ≥ 160 or < 80,,
240,,High-risk heart rate for age 5–12 — ≥ 140 or < 70,5–12 वर्ष की उम्र के लिए उच्च-जोखिम हृदय गति — ≥ 140 या < 70,5-12 High-risk heart rate for age - ≥ 140 or < 70,,,5–12 ବର୍ଷ ବୟସ ପାଇଁ ଉଚ୍ଚ-ବିପଦ ହୃଦସ୍ପନ୍ଦନ ହାର — ≥ 140 କିମ୍ବା < 70,High-risk heart rate for 5-12 years - ≥ 140 or < 70,,
242,,Stridor in a calm child (severe pneumonia or very severe disease),शांत बच्चे में स्ट्राइडर (गंभीर निमोनिया या बहुत गंभीर बीमारी),Strider in a quiet child (severe pneumonia or very severe disease),,,ଶାନ୍ତ ଶିଶୁଠାରେ ଷ୍ଟ୍ରାଇଡର୍ (ଗମ୍ଭୀର ନିମୋନିଆ ବା ଅତି ଗମ୍ଭୀର ରୋଗ),Strider (severe pneumonia or very severe disease) in silent infants,,
243,,SpO₂ below 90% (severe pneumonia),SpO₂ 90% से कम (गंभीर निमोनिया),SpO2 less than 90% (severe pneumonia),,,SpO₂ 90% ରୁ କମ୍ (ଗମ୍ଭୀର ନିମୋନିଆ),SpO2 less than 90% (severe pneumonia),,
245,,Fever with stiff neck (very severe febrile disease),गर्दन में अकड़न के साथ बुखार (बहुत गंभीर ज्वर रोग),Fever with stiffness in the neck (very severe febrile illness),,,ବେକ ଟାଣ ସହ ଜ୍ୱର (ଅତି ଗମ୍ଭୀର ଜ୍ୱର ରୋଗ),Neck tightness with fever (very severe febrile illness),,
246,,Fast breathing — 60 or more per minute under 2 months,तेज़ साँस — 2 महीने से कम उम्र में 60 या अधिक प्रति मिनट,Rapid breathing - 60 or more per minute at less than 2 months of age,,,ଦ୍ରୁତ ନିଶ୍ୱାସ — 2 ମାସରୁ କମ୍ ବୟସରେ ପ୍ରତି ମିନିଟରେ 60 ବା ଅଧିକ,Rapid breathing - 60 or more breaths per minute at less than 2 months of age,,
247,,Fast breathing — 50 or more per minute at 2–12 months,तेज़ साँस — 2–12 महीने की उम्र में 50 या अधिक प्रति मिनट,Rapid breathing - 50 or more per minute at 2-12 month of age,,,ଦ୍ରୁତ ନିଶ୍ୱାସ — 2–12 ମାସ ବୟସରେ ପ୍ରତି ମିନିଟରେ 50 ବା ଅଧିକ,Rapid breathing - 50 or more per minute at 2-12 months of age,,
248,,Fast breathing — 40 or more per minute at 12 months to 5 years,तेज़ साँस — 12 महीने से 5 वर्ष की उम्र में 40 या अधिक प्रति मिनट,Rapid breathing - 40 or more per minute at 12 months to 5 years of age,,,ଦ୍ରୁତ ନିଶ୍ୱାସ — 12 ମାସରୁ 5 ବର୍ଷ ବୟସରେ ପ୍ରତି ମିନିଟରେ 40 ବା ଅଧିକ,Rapid breathing - 40 or more breaths per minute at 12 months to 5 years of age,,
249,,Chest indrawing (pneumonia),छाती धँसना (निमोनिया),Chest cramping (pneumonia),,,ଛାତି ଭିତରକୁ ଟାଣିହେବା (ନିମୋନିଆ),Pulling into the chest (pneumonia),,
253,,Severe anaemia on report — Hb below 7.0 g/dL (pregnancy or child under 5),रिपोर्ट में गंभीर एनीमिया — Hb 7.0 g/dL से कम (गर्भावस्था या 5 वर्ष से कम बच्चा),Severe anemia in report - Hb less than 7. 0 g / dL (pregnancy or child under 5 years),,,ରିପୋର୍ଟରେ ଗମ୍ଭୀର ରକ୍ତହୀନତା — Hb 7.0 g/dL ରୁ କମ୍ (ଗର୍ଭାବସ୍ଥା ବା 5 ବର୍ଷରୁ କମ୍ ଶିଶୁ),Severe anemia reported - Hb less than 7. 0 g / dL (pregnancy or children under 5 years),,
254,,Severe anaemia on report — Hb below 8.0 g/dL,रिपोर्ट में गंभीर एनीमिया — Hb 8.0 g/dL से कम,Severe anemia in report - Hb less than 8. 0 g / dL,,,ରିପୋର୍ଟରେ ଗମ୍ଭୀର ରକ୍ତହୀନତା — Hb 8.0 g/dL ରୁ କମ୍,Severe anemia reported - Hb less than 8. 0 g / dL,,
255,,Pregnant with BP ≥ 140/90 and urine protein 1+ or more on report (pre-eclampsia),"गर्भवती, BP ≥ 140/90 और रिपोर्ट में पेशाब में प्रोटीन 1+ या अधिक (प्री-एक्लेम्पसिया)","Pregnant, BP ≥ 140/90 and reported urinary protein 1 + or more (pre-eclampsia)",,,"ଗର୍ଭବତୀ, BP ≥ 140/90 ଏବଂ ରିପୋର୍ଟରେ ପରିସ୍ରାରେ ପ୍ରୋଟିନ୍ 1+ ବା ଅଧିକ (ପ୍ରି-ଏକ୍ଲାମ୍ପସିଆ)","Pregnant, BP ≥ 140/90 and reported urinary protein 1 + or higher (pre-eclampsia)",,
256,,Point-of-care blood glucose above 300 mg/dL,मौके पर जाँची गई रक्त शर्करा 300 mg/dL से अधिक,On-the-spot blood sugar over 300 mg / dL,,,ସେଠାରେ ଯାଞ୍ଚ କରାଯାଇଥିବା ରକ୍ତ ଶର୍କରା 300 mg/dL ରୁ ଅଧିକ,The blood sugar checked there is more than 300 mg / dL.,,
257,,Coughing blood (screen for TB and other causes),खाँसी में खून (TB और अन्य कारणों की जाँच करें),Blood in the cough (check for TB and other causes),,,କାଶରେ ରକ୍ତ (TB ଓ ଅନ୍ୟ କାରଣ ପାଇଁ ଯାଞ୍ଚ କରନ୍ତୁ),Coughing up blood (check for TB and other causes),,
259,,Severe hypertension in pregnancy — SBP ≥ 160 or DBP ≥ 110 mmHg,गर्भावस्था में गंभीर उच्च रक्तचाप — SBP ≥ 160 या DBP ≥ 110 mmHg,Severe hypertension in pregnancy - SBP ≥ 160 or DBP ≥ 110 mmHg,,,ଗର୍ଭାବସ୍ଥାରେ ଗମ୍ଭୀର ଉଚ୍ଚ ରକ୍ତଚାପ — SBP ≥ 160 କିମ୍ବା DBP ≥ 110 mmHg,Severe hypertension during pregnancy - SBP ≥ 160 or DBP ≥ 110 mmHg,,
260,,"BP ≥ 140/90 with headache, visual disturbance or upper abdominal pain (possible pre-eclampsia)","BP ≥ 140/90, साथ में सिरदर्द, दृष्टि में गड़बड़ी या पेट के ऊपरी हिस्से में दर्द (संभावित प्री-एक्लेम्पसिया)","BP ≥ 140/90, accompanied by headache, vision disturbances, or upper abdominal pain (possible pre-eclampsia)",,,"BP ≥ 140/90, ସହିତ ମୁଣ୍ଡବିନ୍ଧା, ଦୃଷ୍ଟିରେ ଅସୁବିଧା ବା ପେଟର ଉପର ଭାଗରେ ଯନ୍ତ୍ରଣା (ସମ୍ଭାବ୍ୟ ପ୍ରି-ଏକ୍ଲାମ୍ପସିଆ)","BP ≥ 140/90, with headache, vision difficulties, or upper abdominal pain (possible pre-eclampsia)",,
261,,Vaginal bleeding in pregnancy,गर्भावस्था में योनि से रक्तस्राव,Vaginal bleeding during pregnancy,,,ଗର୍ଭାବସ୍ଥାରେ ଯୋନିରୁ ରକ୍ତସ୍ରାବ,Vaginal bleeding during pregnancy,,
263,,Severe headache with blurred vision,धुंधली दृष्टि के साथ तेज़ सिरदर्द,A sharp headache with blurred vision,,,ଝାପସା ଦୃଷ୍ଟି ସହ ତୀବ୍ର ମୁଣ୍ଡବିନ୍ଧା,Severe headache with blurred vision,,
264,,Fever and too weak to get out of bed,बुखार और बिस्तर से उठ न पाने जितनी कमज़ोरी,Fever and inability to get out of bed,,,ଜ୍ୱର ଏବଂ ବିଛଣାରୁ ଉଠି ନ ପାରିବା ଭଳି ଦୁର୍ବଳତା,Fever and inability to get out of bed,,
265,,Severe abdominal pain in pregnancy,गर्भावस्था में पेट में तेज़ दर्द,Abdominal pain during pregnancy,,,ଗର୍ଭାବସ୍ଥାରେ ତୀବ୍ର ପେଟ ଯନ୍ତ୍ରଣା,Severe abdominal pain during pregnancy,,
266,,Fast or difficult breathing in pregnancy,गर्भावस्था में तेज़ या कठिन साँस,Rapid or difficult breathing during pregnancy.,,,ଗର୍ଭାବସ୍ଥାରେ ଦ୍ରୁତ ବା କଷ୍ଟକର ନିଶ୍ୱାସ,Shortness of breath or difficulty breathing during pregnancy,,
267,,Active labour,सक्रिय प्रसव पीड़ा,Active labour pain,,,ସକ୍ରିୟ ପ୍ରସବ ବେଦନା,Active labour pain,,
268,,Any trauma in pregnancy,गर्भावस्था में कोई भी चोट,Any injuries during pregnancy.,,,ଗର୍ଭାବସ୍ଥାରେ ଯେକୌଣସି ଆଘାତ,Any injuries during pregnancy.,,
269,,Hypertension in pregnancy — BP ≥ 140/90 mmHg (needs review within 24 h),गर्भावस्था में उच्च रक्तचाप — BP ≥ 140/90 mmHg (24 घंटे के भीतर समीक्षा ज़रूरी),Hypertension in pregnancy - BP ≥ 140/90 mmHg (review required within 24 hours),,,ଗର୍ଭାବସ୍ଥାରେ ଉଚ୍ଚ ରକ୍ତଚାପ — BP ≥ 140/90 mmHg (24 ଘଣ୍ଟା ଭିତରେ ସମୀକ୍ଷା ଦରକାର),Hypertension during pregnancy - BP ≥ 140/90 mmHg (review required within 24 hours),,
270,,Baby moving less than usual (same-day assessment),शिशु की हलचल सामान्य से कम (उसी दिन जाँच),Lower-than-usual baby movement (same-day check),,,ଗର୍ଭସ୍ଥ ଶିଶୁର ହଲଚଲ ସାଧାରଣଠାରୁ କମ୍ (ସେହି ଦିନ ଯାଞ୍ଚ),Lower-than-usual movement of the fetus (check on that day),,
271,,Fluid leaking from the vagina (possible rupture of membranes),योनि से पानी रिसना (संभावित झिल्ली फटना),Watery discharge from the vagina (possible membrane rupture),,,ଯୋନିରୁ ପାଣି ବାହାରିବା (ସମ୍ଭାବ୍ୟ ଝିଲ୍ଲୀ ଫାଟିବା),Watery discharge from the vagina (possible membrane rupture),,
272,,New swelling of face or hands,चेहरे या हाथों में नई सूजन,New swelling in the face or hands,,,ମୁହଁ ବା ହାତରେ ନୂଆ ଫୁଲା,New swelling of the face or hands,,
273,,Silica exposure with a presumptive TB symptom — same-day doctor review and NTEP sputum test (silicotuberculosis risk),सिलिका संपर्क के साथ संभावित TB लक्षण — उसी दिन डॉक्टर की समीक्षा और NTEP बलगम जाँच (सिलिको-ट्यूबरकुलोसिस का जोखिम),Possible TB symptoms with silica contact - same-day doctor review and NTEP mucus screening (risk of silico-tuberculosis),,,ସିଲିକା ସଂସ୍ପର୍ଶ ସହ ସମ୍ଭାବ୍ୟ TB ଲକ୍ଷଣ — ସେହି ଦିନ ଡାକ୍ତରୀ ସମୀକ୍ଷା ଓ NTEP ଖଙ୍କାର ଯାଞ୍ଚ (ସିଲିକୋ-ଟ୍ୟୁବରକ୍ୟୁଲୋସିସ୍ ବିପଦ),Possible TB symptoms with silica exposure - day-to-day medical review and screening for NTEP (silico-tuberculosis risk),,
274,,Dust exposure with cough or breathlessness for more than 8 weeks,धूल के संपर्क के साथ 8 सप्ताह से अधिक खाँसी या साँस फूलना,Coughing or shortness of breath for more than 8 weeks with dust exposure,,,ଧୂଳି ସଂସ୍ପର୍ଶ ସହ 8 ସପ୍ତାହରୁ ଅଧିକ କାଶ ବା ନିଶ୍ୱାସ ଫୁଲିବା,Coughing or shortness of breath for more than 8 weeks with dust contact,,
275,,Cough or breathlessness after 5 or more years of silica exposure,5 या अधिक वर्षों के सिलिका संपर्क के बाद खाँसी या साँस फूलना,Coughing or shortness of breath after 5 or more years of silica contact,,,5 ବା ଅଧିକ ବର୍ଷର ସିଲିକା ସଂସ୍ପର୍ଶ ପରେ କାଶ ବା ନିଶ୍ୱାସ ଫୁଲିବା,Coughing or shortness of breath after 5 or more years of silica exposure,,
276,,Breathing worse than at the last workplace screening,पिछली कार्यस्थल जाँच की तुलना में साँस लेने में ज़्यादा तकलीफ़,Difficulty breathing compared to previous workplace check-ups,,,ଶେଷ କାର୍ଯ୍ୟସ୍ଥଳ ଯାଞ୍ଚ ତୁଳନାରେ ନିଶ୍ୱାସ ନେବାରେ ଅଧିକ କଷ୍ଟ,Difficulty breathing compared to the last workplace check,,
277,,FEV1 down 15 % or more from the worker's own earliest recorded value,FEV1 कर्मचारी के अपने सबसे पहले दर्ज मान से 15 % या अधिक कम,FEV1 less than or equal to 15 percent of the employee's first recorded value,,,FEV1 କର୍ମଚାରୀଙ୍କ ନିଜର ପ୍ରଥମ ଲେଖାଯାଇଥିବା ମୂଲ୍ୟରୁ 15 % ବା ଅଧିକ କମ୍,The FEV1 is 15 percent or less of the employee's first written-off value.,,
278,,Translation may be wrong — check with the patient,अनुवाद गलत हो सकता है — मरीज़ से पुष्टि करें,The translation may be incorrect - confirm with the patient.,,,ଅନୁବାଦ ଭୁଲ ହୋଇପାରେ — ରୋଗୀଙ୍କ ସହ ନିଶ୍ଚିତ କରନ୍ତୁ,Translation may be incorrect - make sure to check with the patient.,,
279,,Machine-translated history — check against the patient's own words,मशीन से अनुवादित इतिहास — मरीज़ के अपने शब्दों से मिलाएँ,Machine-translated history - match the patient's own words,,,ମେସିନ୍ ଦ୍ୱାରା ଅନୁବାଦିତ ଇତିହାସ — ରୋଗୀଙ୍କ ନିଜ କଥା ସହ ମିଳାନ୍ତୁ,Machine-Translated History - Match the patient's own words,,
280,,"No speech recognition, translation or report reading ran; the note is the fixed template and urgency comes from the rules alone","न आवाज़ पहचान, न अनुवाद, न रिपोर्ट पढ़ना चला; नोट तय ढाँचे वाला है और तात्कालिकता केवल नियमों से तय हुई","No voice recognition, no translation, no report reading; the note is structured and the urgency is determined only by the rules.",,,"ସ୍ୱର ଚିହ୍ନଟ, ଅନୁବାଦ ବା ରିପୋର୍ଟ ପଢ଼ିବା କିଛି ଚାଲିନାହିଁ; ନୋଟ୍ ନିର୍ଦ୍ଦିଷ୍ଟ ଢାଞ୍ଚାର ଏବଂ ଜରୁରୀତା କେବଳ ନିୟମରୁ ସ୍ଥିର ହୋଇଛି","No voice recognition, translation, or reading of reports; the specific format and urgency of the notes are determined only by the rules.",,
281,,Workplace finding: protective equipment gap,कार्यस्थल से जुड़ा निष्कर्ष: सुरक्षा उपकरण की कमी,Workplace Conclusions: Lack of Safety Equipment,,,କାର୍ଯ୍ୟସ୍ଥଳ ସମ୍ବନ୍ଧୀୟ ତଥ୍ୟ: ସୁରକ୍ଷା ଉପକରଣର ଅଭାବ,Workplace Information: Lack of Safety Equipment,,
282,,Read by OCR and matched to the PMBJP generic list; not part of the record until a nurse or doctor confirms each one,OCR से पढ़ा गया और PMBJP जेनेरिक सूची से मिलाया गया; नर्स या डॉक्टर के हर एक की पुष्टि करने तक रिकॉर्ड का हिस्सा नहीं,Read from the OCR and matched to the PMBJP generic list; not part of the record until the nurse or doctor confirms each one.,,,OCR ଦ୍ୱାରା ପଢ଼ାଯାଇ PMBJP ଜେନେରିକ୍ ତାଲିକା ସହ ମିଳାଯାଇଛି; ନର୍ସ ବା ଡାକ୍ତର ପ୍ରତ୍ୟେକକୁ ନିଶ୍ଚିତ ନ କରିବା ଯାଏ ରେକର୍ଡର ଅଂଶ ନୁହେଁ,Read by OCR and matched with PMBJP generic list; not part of record unless confirmed by nurse or doctor each,,
283,,Arithmetic check on the values printed in the report — check each against the image crop,रिपोर्ट में छपे मानों की गणना-जाँच — हर एक को छवि के हिस्से से मिलाएँ,Calculate the values printed in the report - check - match each one to the part of the image,,,ରିପୋର୍ଟରେ ଛପା ମୂଲ୍ୟର ହିସାବ ଯାଞ୍ଚ — ପ୍ରତ୍ୟେକକୁ ଛବିର ଅଂଶ ସହ ମିଳାନ୍ତୁ,Check the cost of printing in the report - match each to a portion of the picture,,
284,,No red or yellow criteria; vital signs measured and within limits; danger-sign check recorded,कोई लाल या पीला मापदंड नहीं; वाइटल साइन मापे गए और सीमा के भीतर; ख़तरे के संकेतों की जाँच दर्ज,No red or yellow parameters; Vital signs measured and within range; Danger signs checked,,,କୌଣସି ଲାଲ ବା ହଳଦିଆ ମାପଦଣ୍ଡ ନାହିଁ; ଜୀବନ ସଙ୍କେତ ମପାଯାଇଛି ଓ ସୀମା ଭିତରେ; ବିପଦ ସଙ୍କେତ ଯାଞ୍ଚ ଲେଖାଯାଇଛି,There are no red or yellow parameters; life signs are measured and within limits; danger signs are checked.,,
285,,matched on intake data,इनटेक डेटा पर मेल खाया,Matched on intake data,,,ଇନଟେକ୍ ତଥ୍ୟରେ ମେଳ ଖାଇଲା,Matched the intake data,,
286,,clinician danger-sign check,स्वास्थ्यकर्मी द्वारा ख़तरे के संकेतों की जाँच,Checking for signs of danger by a health care provider,,,ସ୍ୱାସ୍ଥ୍ୟକର୍ମୀଙ୍କ ଦ୍ୱାରା ବିପଦ ସଙ୍କେତ ଯାଞ୍ଚ,Warning signs checked by health workers,,
287,,Clinician danger-sign check,स्वास्थ्यकर्मी द्वारा ख़तरे के संकेतों की जाँच,Checking for signs of danger by a health care provider,,,ସ୍ୱାସ୍ଥ୍ୟକର୍ମୀଙ୍କ ଦ୍ୱାରା ବିପଦ ସଙ୍କେତ ଯାଞ୍ଚ,Warning signs checked by health workers,,
288,,Two OCR engines read the report differently — check against the image crop,दो OCR इंजनों ने रिपोर्ट अलग-अलग पढ़ी — छवि के हिस्से से मिलाएँ,Two OCR engines read reports separately - match part of the image,,,ଦୁଇଟି OCR ଇଞ୍ଜିନ୍ ରିପୋର୍ଟକୁ ଅଲଗା ଅଲଗା ପଢ଼ିଲେ — ଛବିର ଅଂଶ ସହ ମିଳାନ୍ତୁ,Read two OCR engine reports separately - match part of the image,,
289,,Needs checking — confirm the date of the lab slip,जाँच ज़रूरी — लैब पर्ची की तारीख़ की पुष्टि करें,Check Required - Verify the date of the lab slip,,,ଯାଞ୍ଚ ଦରକାର — ଲ୍ୟାବ୍ ସ୍ଲିପ୍‌ର ତାରିଖ ନିଶ୍ଚିତ କରନ୍ତୁ,Check Required - Confirm the date of the lab slip,,
290,,Years of workplace exposure not recorded,कार्यस्थल पर संपर्क के वर्ष दर्ज नहीं,Year of contact at workplace not recorded,,,କାର୍ଯ୍ୟସ୍ଥଳରେ ସଂସ୍ପର୍ଶର ବର୍ଷ ଲେଖାଯାଇନାହିଁ,The year of contact in the workplace is not written.,,
291,,Breathing compared with the last screening not recorded,पिछली जाँच की तुलना में साँस की स्थिति दर्ज नहीं,No respiratory status recorded compared to the previous test,,,ଶେଷ ଯାଞ୍ଚ ତୁଳନାରେ ନିଶ୍ୱାସର ଅବସ୍ଥା ଲେଖାଯାଇନାହିଁ,Respiratory status not recorded compared to last check,,
292,,Spirometry (FEV1) not recorded for a dust-exposed worker,धूल के संपर्क वाले कर्मचारी की स्पाइरोमेट्री (FEV1) दर्ज नहीं,Spirometry (FEV1) of the employee exposed to dust not recorded,,,ଧୂଳି ସଂସ୍ପର୍ଶରେ ଥିବା କର୍ମଚାରୀଙ୍କ ସ୍ପାଇରୋମେଟ୍ରି (FEV1) ଲେଖାଯାଇନାହିଁ,The employee's spirometry (FEV1) of dust exposure is not recorded.,,
293,,systolic BP,सिस्टोलिक BP,Systolic BP,,,ସିଷ୍ଟୋଲିକ୍ BP,Systolic BP,,
294,,Systolic BP,सिस्टोलिक BP,Systolic BP,,,ସିଷ୍ଟୋଲିକ୍ BP,Systolic BP,,
295,,diastolic BP,डायस्टोलिक BP,Diastolic BP,,,ଡାୟାଷ୍ଟୋଲିକ୍ BP,Diastolic BP,,
296,,Diastolic BP,डायस्टोलिक BP,Diastolic BP,,,ଡାୟାଷ୍ଟୋଲିକ୍ BP,Diastolic BP,,
297,,pulse,नाड़ी,pulse,,,ନାଡ଼ି,pulse,,
298,,temperature,तापमान,Temperature,,,ତାପମାତ୍ରା,Temperature,,
299,,respiratory rate,श्वसन दर,Respiratory rate,,,ନିଶ୍ୱାସ ହାର,Breathing rate,,
300,,Respiratory rate,श्वसन दर,Respiratory rate,,,ନିଶ୍ୱାସ ହାର,Breathing rate,,
301,,blood glucose,रक्त शर्करा,Blood sugar,,,ରକ୍ତ ଶର୍କରା,Blood sugar,,
302,,shock index (pulse ÷ systolic BP),शॉक इंडेक्स (नाड़ी ÷ सिस्टोलिक BP),Shock index (pulse ÷ systolic BP),,,ଶକ୍ ଇଣ୍ଡେକ୍ସ (ନାଡ଼ି ÷ ସିଷ୍ଟୋଲିକ୍ BP),Shock index (pulse ÷ systolic BP),,
303,,Shock index (pulse ÷ systolic BP),शॉक इंडेक्स (नाड़ी ÷ सिस्टोलिक BP),Shock index (pulse ÷ systolic BP),,,ଶକ୍ ଇଣ୍ଡେକ୍ସ (ନାଡ଼ି ÷ ସିଷ୍ଟୋଲିକ୍ BP),Shock index (pulse ÷ systolic BP),,
304,,AVPU level of consciousness,AVPU चेतना स्तर,AVPU level of consciousness,,,AVPU ଚେତନା ସ୍ତର,AVPU level of consciousness,,
305,,"UNDETERMINED, held at YELLOW — cannot be routine until measured: {list}","अनिर्धारित, पीला रखा गया — मापे बिना सामान्य नहीं हो सकता: {list}","Undefined, yellowed - cannot be normal without measurement: {list}",,,"ଅନିର୍ଦ୍ଧାରିତ, ହଳଦିଆରେ ରଖାଗଲା — ମାପିବା ବିନା ସାଧାରଣ ହୋଇପାରିବ ନାହିଁ: {list}","Undefined, yellowed - cannot be normalized without measuring: {list}",,
306,,{n} medicine name(s) read from a strip or prescription — awaiting confirmation,स्ट्रिप या पर्चे से {n} दवा के नाम पढ़े गए — पुष्टि बाकी,{n} drug names read from strip or prescription - confirmation remaining,,,ଷ୍ଟ୍ରିପ୍ ବା ପ୍ରେସକ୍ରିପସନ୍‌ରୁ {n}ଟି ଔଷଧ ନାମ ପଢ଼ାଗଲା — ନିଶ୍ଚିତକରଣ ବାକି,{n} drug name read from strip or prescription - confirmation remaining,,
307,,{n} RED rule(s) could not be ruled out: {ids} — {src},{n} RED नियम खारिज नहीं किए जा सके: {ids} — {src},The {n} RED rule could not be rejected: {ids} - {src},,,{n}ଟି RED ନିୟମ ବାଦ ଦିଆଯାଇପାରିଲା ନାହିଁ: {ids} — {src},The {n} RED rule could not be omitted: {ids} - {src},,
308,,matched on intake data — {src},इनटेक डेटा पर मेल खाया — {src},Matched on intake data - {src},,,ଇନଟେକ୍ ତଥ୍ୟରେ ମେଳ ଖାଇଲା — {src},Matched the intake data - {src},,
309,,{x} not recorded — needed before the case can be routine,{x} दर्ज नहीं — केस को सामान्य मानने से पहले ज़रूरी,{x} not entered - required before the case is considered normal,,,{x} ଲେଖାଯାଇନାହିଁ — କେସ୍‌କୁ ସାଧାରଣ ମାନିବା ପୂର୍ବରୁ ଦରକାର,{x} not written - required before case can be considered normal,,
310,,Ask / measure: {n} (a RED rule depends on it),पूछें / मापें: {n} (एक RED नियम इस पर निर्भर है),Ask / Measure: {n} (a RED rule depends on this),,,ପଚାରନ୍ତୁ / ମାପନ୍ତୁ: {n} (ଗୋଟିଏ RED ନିୟମ ଏହା ଉପରେ ନିର୍ଭର କରେ),Ask / Measure: {n} (a RED rule depends on this),,
311,,Local facility rule (not from a published protocol),स्थानीय केंद्र का नियम (किसी प्रकाशित प्रोटोकॉल से नहीं),Local Centre Rule (not by any published protocol),,,ସ୍ଥାନୀୟ କେନ୍ଦ୍ରର ନିୟମ (କୌଣସି ପ୍ରକାଶିତ ପ୍ରୋଟୋକଲ୍‌ରୁ ନୁହେଁ),Local center rules (not from any published protocol),,
312,,Jeevia safety policy — unknown is never normal,Jeevia सुरक्षा नीति — अज्ञात कभी सामान्य नहीं माना जाता,Jeevia Security Policy - Unknown is never considered normal,,,Jeevia ସୁରକ୍ଷା ନୀତି — ଅଜଣା କେବେ ସାଧାରଣ ବୋଲି ଧରାଯାଏ ନାହିଁ,Jeevia Security Policy - Unknown is never assumed to be normal,,
313,,Occupational screening — adapted (no published Indian occupational triage protocol),व्यावसायिक जाँच — अनुकूलित (कोई प्रकाशित भारतीय व्यावसायिक ट्राइएज प्रोटोकॉल नहीं),Professional check-optimized (no published Indian commercial triage protocol),,,ବୃତ୍ତିଗତ ଯାଞ୍ଚ — ଅନୁକୂଳିତ (କୌଣସି ପ୍ରକାଶିତ ଭାରତୀୟ ବୃତ୍ତିଗତ ଟ୍ରାଇଏଜ୍ ପ୍ରୋଟୋକଲ୍ ନାହିଁ),Professional verification-compliant (no published Indian Professional Triage Protocol),,
314,,"""{f}"": {w}","""{f}"": {w}","""{f}"": {w}",,,"""{f}"": {w}","""{f}"": {w}",,
315,,Document check on {e},{e} पर दस्तावेज़ जाँच,Document check on {e},,,{e} ରେ ଦସ୍ତାବିଜ ଯାଞ୍ଚ,Document check in {e},,
316,,"Test name read as ""{h}"" — matched to {t} ({p} similar)","जाँच का नाम ""{h}"" पढ़ा गया — {t} से मिलाया गया ({p} समान)","Check name read ""{h}"" - mixed with {t} ({p} same)",,,"ପରୀକ୍ଷାର ନାମ ""{h}"" ପଢ଼ାଗଲା — {t} ସହ ମିଳାଗଲା ({p} ସମାନ)","Test name ""{h}"" read - matched with {t} ({p} equals)",,
317,,Implausible blood pressure — possible misread,असंभव रक्तचाप — शायद गलत पढ़ा गया,Impossible Blood Pressure - Probably misread,,,ଅସମ୍ଭବ ରକ୍ତଚାପ — ହୁଏତ ଭୁଲ ପଢ଼ାଯାଇଛି,Impossible blood pressure - may have been misread,,
318,,"Value read as ""{a}"" — taken as {b}; check the slip","मान ""{a}"" पढ़ा गया — {b} माना गया; पर्ची जाँचें","Value ""{a}"" read - {b} assumed; check slip",,,"ମୂଲ୍ୟ ""{a}"" ପଢ଼ାଗଲା — {b} ଧରାଗଲା; ସ୍ଲିପ୍ ଯାଞ୍ଚ କରନ୍ତୁ","Value ""{a}"" read - {b} captured; check slip",,
319,,"Printed in {u}: {a} is {b}, the unit the rules use","{u} में छपा: {a} = {b}, जिस इकाई में नियम चलते हैं","Printed in {u}: {a} = {b}, the unit in which the rules run",,,"{u} ରେ ଛପା: {a} = {b}, ଯେଉଁ ଏକକରେ ନିୟମ ଚାଲେ","Printed in {u}: {a} = {b}, the unit in which the rule runs",,
320,,"""{u}"" is not a unit used for {t} — check the unit and the value","""{u}"" {t} की इकाई नहीं है — इकाई और मान जाँचें",{u} is not a unit of {t} - check unit and value,,,"""{u}"" {t} ର ଏକକ ନୁହେଁ — ଏକକ ଓ ମୂଲ୍ୟ ଯାଞ୍ଚ କରନ୍ତୁ",{u} is not a unit of {t} - check units and values,,
321,,No unit read — {u} assumed; check the slip,कोई इकाई नहीं पढ़ी गई — {u} मानी गई; पर्ची जाँचें,No unit read - {u} assumed; check slip,,,କୌଣସି ଏକକ ପଢ଼ାଗଲା ନାହିଁ — {u} ଧରାଗଲା; ସ୍ଲିପ୍ ଯାଞ୍ଚ କରନ୍ତୁ,No units read - {u} captured; check slip,,
322,,No reference range printed — compared with a typical adult range,कोई संदर्भ सीमा नहीं छपी — सामान्य वयस्क सीमा से तुलना की गई,No reference limit printed - compared to normal adult limit,,,କୌଣସି ସନ୍ଦର୍ଭ ସୀମା ଛପା ନାହିଁ — ସାଧାରଣ ବୟସ୍କ ସୀମା ସହ ତୁଳନା କରାଗଲା,No reference limit printed - compared to normal age limit,,
323,,The printed range {r} does not look like a {t} range in {u} — the range or the unit may be misread; compared with a typical adult range instead,"छपी सीमा {r}, {u} में {t} की सीमा जैसी नहीं लगती — सीमा या इकाई गलत पढ़ी गई हो सकती है; इसके बजाय सामान्य वयस्क सीमा से तुलना की गई",The printed limit {r} does not look like the limit {t} in {u} - the limit or unit may have been misread; compared to the normal adult limit instead.,,,"ଛପା ସୀମା {r}, {u} ରେ {t} ର ସୀମା ଭଳି ଲାଗୁନାହିଁ — ସୀମା ବା ଏକକ ଭୁଲ ପଢ଼ାଯାଇଥାଇପାରେ; ଏହା ବଦଳରେ ସାଧାରଣ ବୟସ୍କ ସୀମା ସହ ତୁଳନା କରାଗଲା",The printed limit {r} does not look like the limit of {t} in {u} - the limit or unit may have been misread; it is instead compared to the normal adult limit.,,
324,,{v} is outside the possible range for {t} — likely a misread,"{v}, {t} की संभव सीमा से बाहर है — शायद गलत पढ़ा गया",{v} is outside the possible range of {t} - probably misread,,,"{v}, {t} ର ସମ୍ଭାବ୍ୟ ସୀମା ବାହାରେ — ସମ୍ଭବତଃ ଭୁଲ ପଢ଼ାଯାଇଛି","{v}, outside the possible range of {t} - possibly misreaded",,
325,,"The report marks this High, but {v} is inside the printed range {r} — the value, the range or the mark is misread","रिपोर्ट इसे High बताती है, पर {v} छपी सीमा {r} के भीतर है — मान, सीमा या निशान गलत पढ़ा गया है","The report calls it High, but {v} is within the printed range {r} - the value, range, or mark is misread.",,,"ରିପୋର୍ଟ ଏହାକୁ High ଦର୍ଶାଏ, କିନ୍ତୁ {v} ଛପା ସୀମା {r} ଭିତରେ — ମୂଲ୍ୟ, ସୀମା ବା ଚିହ୍ନ ଭୁଲ ପଢ଼ାଯାଇଛି","The report shows it as High, but within the {v} printed range {r} - the value, range, or symbol is misread.",,
326,,"The report marks this Low, but {v} is inside the printed range {r} — the value, the range or the mark is misread","रिपोर्ट इसे Low बताती है, पर {v} छपी सीमा {r} के भीतर है — मान, सीमा या निशान गलत पढ़ा गया है","The report returns Low, but {v} is within the printed range {r} - the value, range, or mark is misread.",,,"ରିପୋର୍ଟ ଏହାକୁ Low ଦର୍ଶାଏ, କିନ୍ତୁ {v} ଛପା ସୀମା {r} ଭିତରେ — ମୂଲ୍ୟ, ସୀମା ବା ଚିହ୍ନ ଭୁଲ ପଢ଼ାଯାଇଛି","The report shows it to be low, but {v} within the printed range {r} - the value, range, or mark is misread.",,
327,,"The report marks this High, but {v} is below the printed range {r} — the value, the range or the mark is misread","रिपोर्ट इसे High बताती है, पर {v} छपी सीमा {r} से नीचे है — मान, सीमा या निशान गलत पढ़ा गया है","The report calls it High, but {v} is below the printed range {r} - the value, range, or mark is misread.",,,"ରିପୋର୍ଟ ଏହାକୁ High ଦର୍ଶାଏ, କିନ୍ତୁ {v} ଛପା ସୀମା {r} ରୁ ତଳେ — ମୂଲ୍ୟ, ସୀମା ବା ଚିହ୍ନ ଭୁଲ ପଢ଼ାଯାଇଛି","The report shows it as High, but {v} is below the printed range {r} - the value, range, or mark is misread.",,
328,,"The report marks this Low, but {v} is above the printed range {r} — the value, the range or the mark is misread","रिपोर्ट इसे Low बताती है, पर {v} छपी सीमा {r} से ऊपर है — मान, सीमा या निशान गलत पढ़ा गया है","The report says it is low, but {v} is above the printed range {r} - the value, range, or mark is misread.",,,"ରିପୋର୍ଟ ଏହାକୁ Low ଦର୍ଶାଏ, କିନ୍ତୁ {v} ଛପା ସୀମା {r} ରୁ ଉପରେ — ମୂଲ୍ୟ, ସୀମା ବା ଚିହ୍ନ ଭୁଲ ପଢ଼ାଯାଇଛି","The report shows it as low, but above the {v} printed limit {r} - the value, limit, or mark is misread.",,
329,,The report marks this High; the typical range used here may differ from the lab's,रिपोर्ट इसे High बताती है; यहाँ इस्तेमाल सामान्य सीमा लैब की सीमा से अलग हो सकती है,The report calls it High; the normal range used here may be different from the range in the lab.,,,ରିପୋର୍ଟ ଏହାକୁ High ଦର୍ଶାଏ; ଏଠାରେ ବ୍ୟବହୃତ ସାଧାରଣ ସୀମା ଲ୍ୟାବ୍‌ର ସୀମାଠାରୁ ଅଲଗା ହୋଇପାରେ,The report shows this as High; the normal range used here may differ from the lab range.,,
330,,The report marks this Low; the typical range used here may differ from the lab's,रिपोर्ट इसे Low बताती है; यहाँ इस्तेमाल सामान्य सीमा लैब की सीमा से अलग हो सकती है,The report calls it low; the normal range used here may be different from the range in the lab.,,,ରିପୋର୍ଟ ଏହାକୁ Low ଦର୍ଶାଏ; ଏଠାରେ ବ୍ୟବହୃତ ସାଧାରଣ ସୀମା ଲ୍ୟାବ୍‌ର ସୀମାଠାରୁ ଅଲଗା ହୋଇପାରେ,The report shows it to be low; the normal range used here may differ from the lab range.,,
331,,Hard to read — check the value against the crop,पढ़ना मुश्किल — मान को छवि के हिस्से से मिलाएँ,Difficult to read - Match the value to part of the image,,,ପଢ଼ିବା କଷ୍ଟକର — ମୂଲ୍ୟକୁ ଛବିର ଅଂଶ ସହ ମିଳାନ୍ତୁ,Difficult to read - match the value to part of the image,,
332,,"The report marks other results High or Low but not this one, though {v} is outside {r} — the value or the range may be misread","रिपोर्ट दूसरे परिणामों को High या Low बताती है पर इसे नहीं, जबकि {v}, {r} से बाहर है — मान या सीमा गलत पढ़ी गई हो सकती है","The report returns the other results as High or Low but not this, while {v} is out of {r} - the value or range may have been misread.",,,"ରିପୋର୍ଟ ଅନ୍ୟ ଫଳାଫଳକୁ High ବା Low ଦର୍ଶାଏ କିନ୍ତୁ ଏହାକୁ ନୁହେଁ, ଯଦିଓ {v}, {r} ବାହାରେ — ମୂଲ୍ୟ ବା ସୀମା ଭୁଲ ପଢ଼ାଯାଇଥାଇପାରେ","The report shows other results as high or low but not this, although outside {v}, {r} - the value or range may have been misread.",,
333,,The second OCR engine could not read this row,दूसरा OCR इंजन यह पंक्ति नहीं पढ़ सका,The second OCR engine could not read this line.,,,ଦ୍ୱିତୀୟ OCR ଇଞ୍ଜିନ୍ ଏହି ଧାଡ଼ି ପଢ଼ିପାରିଲା ନାହିଁ,The second OCR engine could not read this line.,,
334,,Second OCR engine read {v} — check the crop,दूसरे OCR इंजन ने {v} पढ़ा — छवि का हिस्सा जाँचें,The other OCR engine read {v} - check part of the image,,,ଦ୍ୱିତୀୟ OCR ଇଞ୍ଜିନ୍ {v} ପଢ଼ିଲା — ଛବିର ଅଂଶ ଯାଞ୍ଚ କରନ୍ତୁ,Second OCR engine {v} read - Check image part,,
335,,Second OCR engine read the reference range as {r},दूसरे OCR इंजन ने संदर्भ सीमा {r} पढ़ी,The second OCR engine read the reference range {r},,,ଦ୍ୱିତୀୟ OCR ଇଞ୍ଜିନ୍ ସନ୍ଦର୍ଭ ସୀମା {r} ପଢ଼ିଲା,Second OCR engine read reference limit {r},,
336,,No recognised lab values — the reviewer should read the document directly,कोई पहचाना हुआ लैब मान नहीं — समीक्षक दस्तावेज़ सीधे पढ़ें,No identified lab value - read the reviewer document directly,,,କୌଣସି ଚିହ୍ନିତ ଲ୍ୟାବ୍ ମୂଲ୍ୟ ନାହିଁ — ସମୀକ୍ଷକ ଦସ୍ତାବିଜ ସିଧାସଳଖ ପଢ଼ନ୍ତୁ,No marked lab value - read the reviewer document directly,,
337,,Report is {n} days old (dated {d}) — values may not reflect today,रिपोर्ट {n} दिन पुरानी है (तारीख़ {d}) — मान आज की स्थिति नहीं दर्शा सकते,Report {n} is day old (date {d}) - values cannot represent today's status,,,ରିପୋର୍ଟ {n} ଦିନ ପୁରୁଣା (ତାରିଖ {d}) — ମୂଲ୍ୟ ଆଜିର ଅବସ୍ଥା ଦର୍ଶାଇନପାରେ,Report {n} days old (date {d}) - value may not show today's status,,
338,,Report date {d} is in the future — check the date,रिपोर्ट की तारीख़ {d} भविष्य की है — तारीख़ जाँचें,Report date {d} is future - check date,,,ରିପୋର୍ଟର ତାରିଖ {d} ଭବିଷ୍ୟତର — ତାରିଖ ଯାଞ୍ଚ କରନ୍ତୁ,Check report date {d} future-date,,
339,,No report date found — confirm when the test was done,रिपोर्ट की कोई तारीख़ नहीं मिली — पुष्टि करें कि जाँच कब हुई,No date found for the report - confirm when the investigation took place,,,ରିପୋର୍ଟର କୌଣସି ତାରିଖ ମିଳିଲା ନାହିଁ — ପରୀକ୍ଷା କେବେ ହୋଇଥିଲା ନିଶ୍ଚିତ କରନ୍ତୁ,No report date found - confirm when the test was done,,
340,,"Name on report (""{n}"") does not match the patient record — confirm it is the right person's report","रिपोर्ट पर नाम (""{n}"") मरीज़ के रिकॉर्ड से मेल नहीं खाता — पुष्टि करें कि यह सही व्यक्ति की रिपोर्ट है","The name on the report (""{n}"") does not match the patient's record - confirm that it is the correct person's report.",,,"ରିପୋର୍ଟରେ ନାମ (""{n}"") ରୋଗୀ ରେକର୍ଡ ସହ ମେଳ ଖାଉନାହିଁ — ଏହା ଠିକ୍ ବ୍ୟକ୍ତିଙ୍କ ରିପୋର୍ଟ ବୋଲି ନିଶ୍ଚିତ କରନ୍ତୁ","The name in the report (""{n}"") does not match the patient record - make sure it is the correct person's report.",,
341,,The WBC differential adds up to {s} % (should be 100 %) — one of these is misread,WBC डिफरेंशियल का जोड़ {s} % है (100 % होना चाहिए) — इनमें से एक गलत पढ़ा गया है,The sum of the WBC differentials is {s}% (should be 100%) - one of these is misread.,,,WBC ଡିଫରେନ୍ସିଆଲ୍‌ର ଯୋଗଫଳ {s} % (100 % ହେବା ଉଚିତ) — ଏଥିରୁ ଗୋଟିଏ ଭୁଲ ପଢ଼ାଯାଇଛି,The sum of the WBC differentials is {s}% (should be 100%) - one of these read incorrectly,,
342,,"{t} is {v} /µL, but {p} % of {w} is {e} — one of the three is misread","{t} {v} /µL है, पर {w} का {p} % = {e} — तीनों में से एक गलत पढ़ा गया है","{t} {v} / μL, but {p}% of {w} = {e} - one of the three is misread",,,"{t} {v} /µL, କିନ୍ତୁ {w} ର {p} % = {e} — ତିନିଟିରୁ ଗୋଟିଏ ଭୁଲ ପଢ଼ାଯାଇଛି","{t} {v} / μL, but {p}% of {w} = {e} - one of three read errors",,
343,,"The absolute counts add up to {s} /µL, but the total WBC is {w} — one of these is misread","एब्सोल्यूट काउंट का जोड़ {s} /µL है, पर कुल WBC {w} है — इनमें से एक गलत पढ़ा गया है","The sum of the absolute counts is {s} / μL, but the total is WBC {w} - one of these is misread.",,,"ଆବସୋଲ୍ୟୁଟ୍ କାଉଣ୍ଟର ଯୋଗଫଳ {s} /µL, କିନ୍ତୁ ମୋଟ WBC {w} — ଏଥିରୁ ଗୋଟିଏ ଭୁଲ ପଢ଼ାଯାଇଛି","The sum of the absolute counters is {s} / μL, but the total WBC {w} - one of these is read incorrectly.",,
344,,"Globulin is {g} g/dL, but total protein {p} − albumin {a} = {e} — one of the three is misread","ग्लोब्युलिन {g} g/dL है, पर कुल प्रोटीन {p} − एल्ब्यूमिन {a} = {e} — तीनों में से एक गलत पढ़ा गया है","Globulin {g} is g / dL, but the total protein {p} − albumin {a} = {e} - one of the three is misread.",,,"ଗ୍ଲୋବୁଲିନ୍ {g} g/dL, କିନ୍ତୁ ମୋଟ ପ୍ରୋଟିନ୍ {p} − ଆଲବୁମିନ୍ {a} = {e} — ତିନିଟିରୁ ଗୋଟିଏ ଭୁଲ ପଢ଼ାଯାଇଛି","Globulin {g} g / dL, but total protein {p} − albumin {a} = {e} - one of the three misreads",,
345,,Albumin {a} g/dL is more than the total protein {p} — one of the two is misread,एल्ब्यूमिन {a} g/dL कुल प्रोटीन {p} से अधिक है — दोनों में से एक गलत पढ़ा गया है,The albumin {a} g / dL is greater than the total protein {p} - one of the two is misread.,,,ଆଲବୁମିନ୍ {a} g/dL ମୋଟ ପ୍ରୋଟିନ୍ {p} ରୁ ଅଧିକ — ଦୁଇଟିରୁ ଗୋଟିଏ ଭୁଲ ପଢ଼ାଯାଇଛି,Albumin {a} g / dL greater than total protein {p} - one of two read errors,,
346,,"The A/G ratio is {r}, but albumin {a} ÷ globulin {g} = {e} — one of these is misread","A/G अनुपात {r} है, पर एल्ब्यूमिन {a} ÷ ग्लोब्युलिन {g} = {e} — इनमें से एक गलत पढ़ा गया है","The A / G ratio is {r}, but albumin {a} ÷ globulin {g} = {e} - one of these is misread.",,,"A/G ଅନୁପାତ {r}, କିନ୍ତୁ ଆଲବୁମିନ୍ {a} ÷ ଗ୍ଲୋବୁଲିନ୍ {g} = {e} — ଏଥିରୁ ଗୋଟିଏ ଭୁଲ ପଢ଼ାଯାଇଛି","The A / G ratio is {r}, but albumin {a} ÷ globulin {g} = {e} - one of these readings is incorrect.",,
347,,"Indirect bilirubin is {i} mg/dL, but total {t} − direct {d} = {e} — one of the three is misread","इनडायरेक्ट बिलीरुबिन {i} mg/dL है, पर कुल {t} − डायरेक्ट {d} = {e} — तीनों में से एक गलत पढ़ा गया है","Indirect bilirubin is {i} mg / dL, but the total {t} − direct {d} = {e} - one of the three is misread.",,,"ଇନଡାଇରେକ୍ଟ ବିଲିରୁବିନ୍ {i} mg/dL, କିନ୍ତୁ ମୋଟ {t} − ଡାଇରେକ୍ଟ {d} = {e} — ତିନିଟିରୁ ଗୋଟିଏ ଭୁଲ ପଢ଼ାଯାଇଛି","Indirect bilirubin {i} mg / dL, but total {t} − direct {d} = {e} - one of three read errors",,
348,,Direct bilirubin {d} mg/dL is more than the total {t} — one of the two is misread,डायरेक्ट बिलीरुबिन {d} mg/dL कुल {t} से अधिक है — दोनों में से एक गलत पढ़ा गया है,Direct bilirubin {d} mg / dL is greater than the total {t} - one of the two is misread.,,,ଡାଇରେକ୍ଟ ବିଲିରୁବିନ୍ {d} mg/dL ମୋଟ {t} ରୁ ଅଧିକ — ଦୁଇଟିରୁ ଗୋଟିଏ ଭୁଲ ପଢ଼ାଯାଇଛି,Direct bilirubin {d} mg / dL greater than {t} total - one of two read errors,,
349,,"MCHC is {m} g/dL, but haemoglobin {h} ÷ PCV {p} % = {e} — one of the three is misread","MCHC {m} g/dL है, पर हीमोग्लोबिन {h} ÷ PCV {p} % = {e} — तीनों में से एक गलत पढ़ा गया है","MCHC {m} is g / dL, but hemoglobin {h} ÷ PCV {p}% = {e} - one of the three is misread.",,,"MCHC {m} g/dL, କିନ୍ତୁ ହିମୋଗ୍ଲୋବିନ୍ {h} ÷ PCV {p} % = {e} — ତିନିଟିରୁ ଗୋଟିଏ ଭୁଲ ପଢ଼ାଯାଇଛି","MCHC {m} g / dL, but hemoglobin {h} ÷ PCV {p}% = {e} - one of three readings",,
350,,Haemoglobin {h} g/dL and PCV {p} % do not fit together (they give an MCHC of {e}; possible is about 22–40) — one of the two is misread,हीमोग्लोबिन {h} g/dL और PCV {p} % आपस में मेल नहीं खाते (इनसे MCHC {e} आता है; संभव लगभग 22–40 है) — दोनों में से एक गलत पढ़ा गया है,Hemoglobin {h} g / dL and PCV {p}% do not match (these give MCHC {e}; possible 22-40) - one of the two is misread.,,,ହିମୋଗ୍ଲୋବିନ୍ {h} g/dL ଓ PCV {p} % ପରସ୍ପର ସହ ମେଳ ଖାଉନାହିଁ (ଏଥିରୁ MCHC {e} ଆସେ; ସମ୍ଭବ ପ୍ରାୟ 22–40) — ଦୁଇଟିରୁ ଗୋଟିଏ ଭୁଲ ପଢ଼ାଯାଇଛି,Hemoglobin {h} g / dL and PCV {p}% do not match (MCHC {e} comes from this; possible 22-40) - one of the two readings is incorrect,,
351,,"MCV is {m} fL, but PCV {p} ÷ RBC {r} × 10 = {e} — one of the three is misread","MCV {m} fL है, पर PCV {p} ÷ RBC {r} × 10 = {e} — तीनों में से एक गलत पढ़ा गया है","MCV {m} is fL, but PCV {p} ÷ RBC {r} × 10 = {e} - one of the three is misread.",,,"MCV {m} fL, କିନ୍ତୁ PCV {p} ÷ RBC {r} × 10 = {e} — ତିନିଟିରୁ ଗୋଟିଏ ଭୁଲ ପଢ଼ାଯାଇଛି","MCV {m} fL, but PCV {p} ÷ RBC {r} × 10 = {e} - one of three read errors",,
352,,"MCH is {m} pg, but haemoglobin {h} ÷ RBC {r} × 10 = {e} — one of the three is misread","MCH {m} pg है, पर हीमोग्लोबिन {h} ÷ RBC {r} × 10 = {e} — तीनों में से एक गलत पढ़ा गया है","MCH {m} is pg, but hemoglobin {h} ÷ RBC {r} × 10 = {e} - one of the three is misread.",,,"MCH {m} pg, କିନ୍ତୁ ହିମୋଗ୍ଲୋବିନ୍ {h} ÷ RBC {r} × 10 = {e} — ତିନିଟିରୁ ଗୋଟିଏ ଭୁଲ ପଢ଼ାଯାଇଛି","MCH {m} pg, but hemoglobin {h} ÷ RBC {r} × 10 = {e} - one of the three readings is incorrect",,
353,,"VLDL is {v} mg/dL, but triglycerides {t} ÷ 5 = {e} — one of the two is misread","VLDL {v} mg/dL है, पर ट्राइग्लिसराइड्स {t} ÷ 5 = {e} — दोनों में से एक गलत पढ़ा गया है","VLDL is {v} mg / dL, but triglycerides {t} ÷ 5 = {e} - one of the two is misread.",,,"VLDL {v} mg/dL, କିନ୍ତୁ ଟ୍ରାଇଗ୍ଲିସେରାଇଡ୍ {t} ÷ 5 = {e} — ଦୁଇଟିରୁ ଗୋଟିଏ ଭୁଲ ପଢ଼ାଯାଇଛି","VLDL {v} mg / dL, but triglyceride {t} ÷ 5 = {e} - one of the two read wrong",,
354,,"Total cholesterol is {c} mg/dL, but HDL + LDL + VLDL = {e} — one of the four is misread","कुल कोलेस्ट्रॉल {c} mg/dL है, पर HDL + LDL + VLDL = {e} — चारों में से एक गलत पढ़ा गया है","Total cholesterol is {c} mg / dL, but HDL + LDL + VLDL = {e} - one of the four is misread.",,,"ମୋଟ କୋଲେଷ୍ଟେରଲ୍ {c} mg/dL, କିନ୍ତୁ HDL + LDL + VLDL = {e} — ଚାରିଟିରୁ ଗୋଟିଏ ଭୁଲ ପଢ଼ାଯାଇଛି","Total cholesterol {c} mg / dL, but HDL + LDL + VLDL = {e} - one out of four readings",,
355,,HDL {h} + LDL {l} is more than the total cholesterol {c} — one of the three is misread,HDL {h} + LDL {l} कुल कोलेस्ट्रॉल {c} से अधिक है — तीनों में से एक गलत पढ़ा गया है,HDL {h} + LDL {l} is greater than total cholesterol {c} - one of the three is misread.,,,HDL {h} + LDL {l} ମୋଟ କୋଲେଷ୍ଟେରଲ୍ {c} ରୁ ଅଧିକ — ତିନିଟିରୁ ଗୋଟିଏ ଭୁଲ ପଢ଼ାଯାଇଛି,HDL {h} + LDL {l} greater than total cholesterol {c} - one in three misreads,,
356,,"Non-HDL cholesterol is {n} mg/dL, but total {c} − HDL {h} = {e} — one of the three is misread","नॉन-HDL कोलेस्ट्रॉल {n} mg/dL है, पर कुल {c} − HDL {h} = {e} — तीनों में से एक गलत पढ़ा गया है","Non-HDL cholesterol is {n} mg / dL, but total {c} − HDL {h} = {e} - one of the three is misread.",,,"ନନ୍-HDL କୋଲେଷ୍ଟେରଲ୍ {n} mg/dL, କିନ୍ତୁ ମୋଟ {c} − HDL {h} = {e} — ତିନିଟିରୁ ଗୋଟିଏ ଭୁଲ ପଢ଼ାଯାଇଛି","Non-HDL cholesterol {n} mg / dL, but total {c} − HDL {h} = {e} - one out of three misreads",,
357,,"{r} is {v}, but {a} ÷ {b} = {e} — one of the three is misread","{r} {v} है, पर {a} ÷ {b} = {e} — तीनों में से एक गलत पढ़ा गया है","{r} {v} is, but {a} ÷ {b} = {e} - one of the three is misread",,,"{r} {v}, କିନ୍ତୁ {a} ÷ {b} = {e} — ତିନିଟିରୁ ଗୋଟିଏ ଭୁଲ ପଢ଼ାଯାଇଛି","{r} {v}, but {a} ÷ {b} = {e} - one of the three read errors",,
358,,"Urea is {u} mg/dL, but BUN {b} × 2.14 = {e} — one of the two is misread","यूरिया {u} mg/dL है, पर BUN {b} × 2.14 = {e} — दोनों में से एक गलत पढ़ा गया है","Urea is {u} mg / dL, but BUN {b} × 2.14 = {e} - one of the two is misread.",,,"ୟୁରିଆ {u} mg/dL, କିନ୍ତୁ BUN {b} × 2.14 = {e} — ଦୁଇଟିରୁ ଗୋଟିଏ ଭୁଲ ପଢ଼ାଯାଇଛି","Urea {u} mg / dL, but BUN {b} × 2.14 = {e} - one of the two read wrong",,
359,,{a}. With the second OCR engine's reading of {t} ({v}) it adds up,{a}। दूसरे OCR इंजन की {t} की रीडिंग ({v}) से हिसाब सही बैठता है,{a} | The second OCR engine's reading of {t} ({v}) makes the calculation correct.,,,{a}। ଦ୍ୱିତୀୟ OCR ଇଞ୍ଜିନ୍‌ର {t} ପଢ଼ା ({v}) ସହ ହିସାବ ମିଳିଯାଏ,{a}. Calculates with the {t} read ({v}) of the second OCR engine,,
