#,Check first,English,Kannada,Kannada read back by machine,Kannada OK? (Y/N),Kannada correction
1,YES,Step {n} of {m},ಹಂತ {n} / {m},phase {n} / {m},,
2,YES,I have visited before,ನಾನು ಹಿಂದೆ ಬಂದಿದ್ದೇನೆ,I've been in the past,,
3,YES,Not found,ಸಿಗಲಿಲ್ಲ,Couldn't find,,
4,YES,Find,ಹುಡುಕಿ,Search,,
5,YES,Remind me by,ನನಗೆ ಜ್ಞಾಪನೆ ಹೇಗೆ,how do i get a reminder,,
6,YES,No reminder,ಜ್ಞಾಪನೆ ಬೇಡ,No reminders,,
7,YES,Not asked,ಕೇಳಿಲ್ಲ,Didn't hear,,
8,YES,Long-term illness,ದೀರ್ಘಕಾಲದ ಕಾಯಿಲೆ,Chronic disease,,
9,YES,Illness,ಕಾಯಿಲೆ,disease,,
10,YES,voice,ಧ್ವನಿ,Sound,,
11,YES,same,ಹಾಗೆಯೇ,As well as,,
12,YES,better,ಉತ್ತಮ,Good,,
13,YES,unsure,ಖಚಿತವಿಲ್ಲ,Not sure,,
14,YES,maternal,ಗರ್ಭಿಣಿ,Pregnant woman,,
15,YES,chronic,ದೀರ್ಘಕಾಲದ,the long-term,,
16,YES,Chronic,ದೀರ್ಘಕಾಲದ,the long-term,,
17,YES,Which long-term illness?,ಯಾವ ದೀರ್ಘಕಾಲದ ಕಾಯಿಲೆ?,What is a chronic disease?,,
18,YES,SpO₂,SpO₂,SpO2,,
19,YES,Problem,ತೊಂದರೆ,Trouble,,
20,YES,Also,ಜೊತೆಗೆ,In addition to,,
21,YES,Cough,ಕೆಮ್ಮು,Coughing,,
22,YES,Breathlessness,ಉಸಿರಾಟದ ತೊಂದರೆ,Difficulty in breathing,,
23,YES,Body ache,ಮೈ ನೋವು,It's my pain,,
24,YES,Tiredness,ಆಯಾಸ,fatigue,,
25,YES,Upper,ಮೇಲ್ಭಾಗ,Top,,
26,YES,All over,ಎಲ್ಲೆಡೆ,Everywhere,,
27,YES,queued,ಸರತಿಯಲ್ಲಿದೆ,In line,,
28,YES,before you come,ಬರುವ ಮುನ್ನ,Prior to the arrival of,,
29,YES,Get your,ನಿಮ್ಮ,Yours,,
30,YES,Start,ಪ್ರಾರಂಭಿಸಿ,Get started,,
31,YES,Accessibility,ಸುಲಭ ಬಳಕೆ,Easy to use,,
32,YES,Large text,ದೊಡ್ಡ ಅಕ್ಷರ,capital letter,,
33,YES,Bedside observations,ಹಾಸಿಗೆಯ ಬಳಿಯ ಗಮನಿಕೆಗಳು,Notes near the bed,,
34,YES,Unresponsive,ಪ್ರತಿಕ್ರಿಯೆ ಇಲ್ಲ,No response,,
35,YES,Doctor,ವೈದ್ಯರು,Doctors,,
36,YES,doctor,ವೈದ್ಯರು,Doctors,,
37,YES,receptionist,ಸ್ವಾಗತಕಾರರು,Welcomers,,
38,YES,supervisor,ಮೇಲ್ವಿಚಾರಕರು,Supervisors,,
39,YES,employer,ಉದ್ಯೋಗದಾತರು,Employers,,
40,YES,Supervisor,ಮೇಲ್ವಿಚಾರಕರು,Supervisors,,
41,YES,Employer,ಉದ್ಯೋಗದಾತರು,Employers,,
42,YES,escalated,ಮೇಲಕ್ಕೆ ಕಳುಹಿಸಲಾಗಿದೆ,Sent to the top,,
43,YES,closed,ಮುಗಿದಿದೆ,It's over,,
44,YES,Job,ಕೆಲಸ,Work,,
45,YES,speech not yet measured,ಮಾತು ಇನ್ನೂ ಅಳೆದಿಲ್ಲ,No word yet,,
46,YES,Uploads need a connection,ಅಪ್‌ಲೋಡ್‌ಗೆ ಸಂಪರ್ಕ ಬೇಕು,Upload requires a connection,,
47,YES,Worn during work,ಕೆಲಸದ ಸಮಯದಲ್ಲಿ ಧರಿಸುವುದು,Wearing it at work,,
48,YES,Medicines you take,ನೀವು ತೆಗೆದುಕೊಳ್ಳುವ ಔಷಧಿಗಳು,The medications you're taking,,
49,YES,Consent is needed to continue,ಮುಂದುವರಿಯಲು ಒಪ್ಪಿಗೆ ಬೇಕು,Consent is required to proceed.,,
50,YES,Temperature looks like °C — enter it in °F (for example 98.6),ತಾಪಮಾನ °C ನಲ್ಲಿ ಇರುವಂತಿದೆ — ಅದನ್ನು °F ನಲ್ಲಿ ನಮೂದಿಸಿ (ಉದಾಹರಣೆಗೆ 98.6),Temperature as in ° C - enter it in ° F (e.g. 98. 6),,
51,YES,Loose motions (diarrhoea),ಭೇದಿ (ಅತಿಸಾರ),Diarrhoea (diarrhoea),,
52,YES,Yes — blurred vision,ಹೌದು — ಕಣ್ಣು ಮಂಜಾಗಿದೆ,"Yes, the eyes are closed.",,
53,YES,Device bound to facility,ಸಾಧನವನ್ನು ಕೇಂದ್ರಕ್ಕೆ ಜೋಡಿಸಲಾಗಿದೆ,The device is attached to the center,,
54,YES,Offered at this facility,ಈ ಕೇಂದ್ರದಲ್ಲಿ ಲಭ್ಯ,Available at this center.,,
55,YES,Increases all text and touch targets.,ಎಲ್ಲಾ ಅಕ್ಷರಗಳು ಮತ್ತು ಒತ್ತುವ ಜಾಗಗಳನ್ನು ದೊಡ್ಡದಾಗಿಸುತ್ತದೆ.,Enlarge all characters and press spaces.,,
56,YES,Record vitals & observations,ಜೀವಚಿಹ್ನೆಗಳು ಮತ್ತು ಗಮನಿಸಿದ ಅಂಶಗಳನ್ನು ದಾಖಲಿಸಿ,Record biographical and observational factors,,
57,YES,CC-BY-NC 4.0 (non-commercial; a commercial deployment needs another voice),CC-BY-NC 4.0 (ವಾಣಿಜ್ಯೇತರ; ವಾಣಿಜ್ಯ ಬಳಕೆಗೆ ಬೇರೆ ಧ್ವನಿ ಬೇಕು),CC-BY-NC 4.0 (non-commercial; commercial use requires a different sound),,
58,YES,"The text to translate, with names already removed. Hosted in India.","ಅನುವಾದಕ್ಕೆ ಪಠ್ಯ, ಹೆಸರುಗಳನ್ನು ಮೊದಲೇ ತೆಗೆದು. ಭಾರತದಲ್ಲಿ ಹೋಸ್ಟ್.","Pre-delete text, names for translation. Host in India.",,
59,,Antenatal visit or a problem during pregnancy,ಗರ್ಭಿಣಿ ತಪಾಸಣೆ ಅಥವಾ ಗರ್ಭಾವಸ್ಥೆಯಲ್ಲಿ ತೊಂದರೆ,Pregnancy screening or difficulty during pregnancy,,
60,,"Mask, ear plugs or gloves given?","ಮಾಸ್ಕ್, ಕಿವಿ ಪ್ಲಗ್ ಅಥವಾ ಕೈಗವಸು ಕೊಡಲಾಗಿದೆಯೇ?","Is a mask, ear plug, or glove provided?",,
61,,Any blurred vision or seeing spots?,ಕಣ್ಣು ಮಂಜಾಗುವುದು ಅಥವಾ ಚುಕ್ಕೆಗಳು ಕಾಣುವುದು ಇದೆಯೇ?,Do you have blurred vision or blurred vision?,,
62,,Breathing compared with the last workplace check,ಕಳೆದ ಕೆಲಸದ ಸ್ಥಳದ ತಪಾಸಣೆಗೆ ಹೋಲಿಸಿದರೆ ಉಸಿರಾಟ,Breathing compared to a previous workplace inspection,,
63,,"Tell us at least one problem — speak, type or tap","ಕನಿಷ್ಠ ಒಂದು ತೊಂದರೆಯನ್ನು ತಿಳಿಸಿ — ಮಾತನಾಡಿ, ಟೈಪ್ ಮಾಡಿ ಅಥವಾ ಒತ್ತಿ","State at least one difficulty - talk, type, or press.",,
64,,Are you taking your medicines every day?,ನೀವು ಪ್ರತಿದಿನ ಔಷಧಿ ತೆಗೆದುಕೊಳ್ಳುತ್ತಿದ್ದೀರಾ?,Are you taking any medications on a daily basis?,,
65,,. Binding lets it submit intakes under the facility and is recorded in the audit log.,". ಜೋಡಿಸುವುದರಿಂದ ಇದು ಕೇಂದ್ರದ ಹೆಸರಿನಲ್ಲಿ ನೋಂದಣಿಗಳನ್ನು ಸಲ್ಲಿಸಬಹುದು, ಮತ್ತು ಇದನ್ನು ಆಡಿಟ್ ಲಾಗ್‌ನಲ್ಲಿ ದಾಖಲಿಸಲಾಗುತ್ತದೆ.","By pairing, it can file registrations in the name of the centre, and this is recorded in the audit log.",,
66,,"Sets the urgency (RED / YELLOW / GREEN) from fixed, cited clinical rules.","ನಿಗದಿತ, ಉಲ್ಲೇಖಿತ ವೈದ್ಯಕೀಯ ನಿಯಮಗಳಿಂದ ತುರ್ತು ಮಟ್ಟವನ್ನು (ಕೆಂಪು / ಹಳದಿ / ಹಸಿರು) ನಿರ್ಧರಿಸುತ್ತದೆ.","The level of urgency (red / yellow / green) is determined by the prescribed, referenced medical regimens.",,
67,,"One voice per language, flat and slightly robotic. Numbers and English words can be mispronounced.","ಪ್ರತಿ ಭಾಷೆಗೆ ಒಂದು ಧ್ವನಿ, ಏಕತಾನ ಮತ್ತು ಸ್ವಲ್ಪ ಯಾಂತ್ರಿಕ. ಸಂಖ್ಯೆಗಳು ಮತ್ತು ಇಂಗ್ಲಿಷ್ ಪದಗಳು ತಪ್ಪಾಗಿ ಉಚ್ಚಾರವಾಗಬಹುದು.","Each language has a sound, monotone, and a little mechanical. Numbers and English words can be misspelled.",,
68,,"Every rule has regression tests. On 50 synthetic cases, flipping only the sex changed no urgency; moving only the age changed one, by design (pain over 50).","ಪ್ರತಿ ನಿಯಮಕ್ಕೂ ಪರೀಕ್ಷೆಗಳಿವೆ. 50 ಕೃತಕ ಪ್ರಕರಣಗಳಲ್ಲಿ ಲಿಂಗವನ್ನು ಮಾತ್ರ ಬದಲಿಸಿದಾಗ ಯಾವ ತುರ್ತು ಮಟ್ಟವೂ ಬದಲಾಗಲಿಲ್ಲ; ವಯಸ್ಸನ್ನು ಮಾತ್ರ ಬದಲಿಸಿದಾಗ ಒಂದು ಬದಲಾಯಿತು, ಉದ್ದೇಶಪೂರ್ವಕವಾಗಿ (50 ಮೇಲ್ಪಟ್ಟ ನೋವು).","There are tests for each rule. In 50 artificial cases, no emergency level was changed when only the gender was changed; when only the age was changed, one was changed, intentionally (pain above 50).",,
69,,Microphone not available — type or tap instead,ಮೈಕ್ರೊಫೋನ್ ಲಭ್ಯವಿಲ್ಲ — ಟೈಪ್ ಮಾಡಿ ಅಥವಾ ಒತ್ತಿ,No microphone available - type or press,,
70,,Computer helpers,ಕಂಪ್ಯೂಟರ್ ಸಹಾಯಕರು,Computer Assistant,,
71,,Use AI helpers,AI ಸಹಾಯಕರನ್ನು ಬಳಸಿ,Use AI assistants,,
72,,Search existing patients instead,ಬದಲಿಗೆ ಹಳೆಯ ರೋಗಿಗಳನ್ನು ಹುಡುಕಿ,Look for older patients instead.,,
73,,transcribed on the facility server,ಕೇಂದ್ರದ ಸರ್ವರ್‌ನಲ್ಲಿ ಪಠ್ಯಕ್ಕೆ ಬದಲಿಸಲಾಗಿದೆ,Converted to text on the center server,,
74,,on-device transcription,ಸಾಧನದಲ್ಲೇ ಪಠ್ಯಕ್ಕೆ ಬದಲಿಸಲಾಗಿದೆ,Converted to text on device,,
75,,Check-ups done so far,ಇಲ್ಲಿಯವರೆಗೆ ಆದ ತಪಾಸಣೆಗಳು,Inspections done so far,,
76,,My own phone,ನನ್ನದೇ ಫೋನ್,It's my phone,,
77,,Weeks of cough,ಕೆಮ್ಮಿನ ವಾರಗಳು,Coughing weeks,,
78,,Antenatal check-up,ಗರ್ಭಿಣಿ ತಪಾಸಣೆ,Pregnancy check-up,,
79,,Choose sex,ಲಿಂಗವನ್ನು ಆಯ್ಕೆಮಾಡಿ,Choose a gender,,
80,,First check,ಮೊದಲ ತಪಾಸಣೆ,First inspection,,
81,,Resp. rate,ಉಸಿರಾಟದ ದರ,Respiratory rate,,
82,,Given by patient,ರೋಗಿಯಿಂದ ನೀಡಲಾಗಿದೆ,provided by the patient.,,
83,,Stomach pain,ಹೊಟ್ಟೆ ನೋವು,Abdominal pain,,
84,,Fits / convulsion,ಫಿಟ್ಸ್ / ಸೆಳವು,Fits / Seizures,,
85,,No — unable to drink,ಇಲ್ಲ — ಕುಡಿಯಲು ಆಗುತ್ತಿಲ್ಲ,"No, I can't drink.",,
86,,"Any rash, bleeding gums or black stools?","ದದ್ದು, ಒಸಡಿನಿಂದ ರಕ್ತ ಅಥವಾ ಕಪ್ಪು ಮಲ ಇದೆಯೇ?","Is there a rash, blood from the gums, or black stool?",,
87,,Any bleeding or fluid leaking?,ರಕ್ತಸ್ರಾವ ಅಥವಾ ನೀರು ಸೋರುವುದು ಇದೆಯೇ?,Is there any bleeding or water leakage?,,
88,,Fluid leaking,ನೀರು ಸೋರುತ್ತಿದೆ,The water is leaking,,
89,,Lower right,ಕೆಳಗೆ ಬಲಭಾಗ,Bottom right,,
90,,Lower left,ಕೆಳಗೆ ಎಡಭಾಗ,Bottom left,,
91,,Sometimes miss,ಕೆಲವೊಮ್ಮೆ ಬಿಟ್ಟುಹೋಗುತ್ತದೆ,Sometimes you'll leave,,
92,,Stopped taking,ನಿಲ್ಲಿಸಿದ್ದೇನೆ,I've stopped,,
93,,your facility,ನಿಮ್ಮ ಕೇಂದ್ರ,It's your center,,
94,,Bind device,ಸಾಧನವನ್ನು ಜೋಡಿಸಿ,Attach device,,
95,,Cancel and start over,ರದ್ದುಮಾಡಿ ಮತ್ತೆ ಪ್ರಾರಂಭಿಸಿ,Cancel and restart,,
96,,Jeevia home,Jeevia ಮುಖಪುಟ,Jeevia homepage,,
97,,No language matches “,ಯಾವ ಭಾಷೆಯೂ ಹೊಂದುತ್ತಿಲ್ಲ “,"There is no language. """,,
98,,Accessibility settings,ಸುಲಭ ಬಳಕೆಯ ಸೆಟ್ಟಿಂಗ್‌ಗಳು,Easy-to-use settings,,
99,,Icon mode,ಚಿತ್ರ ಮೋಡ್,Image mode,,
100,,Nursing observation,ನರ್ಸಿಂಗ್ ಗಮನಿಕೆ,Nursing Attention,,
101,,"e.g. Breathless on walking, pale, pain 6/10, vomited once","ಉದಾ. ನಡೆಯುವಾಗ ಉಸಿರಾಟದ ತೊಂದರೆ, ಬಿಳಿಚಿಕೊಂಡಿದ್ದಾರೆ, ನೋವು 6/10, ಒಮ್ಮೆ ವಾಂತಿ","For example, shortness of breath while walking, wheezing, pain 6/10, vomiting once",,
102,,Save observations,ಗಮನಿಕೆಗಳನ್ನು ಉಳಿಸಿ,Save Notes,,
103,,Audible wheeze,ಕೇಳಿಸುವ ಉಬ್ಬಸ,audible wheezing,,
104,,Severe pallor,ತೀವ್ರ ಬಿಳಿಚುವಿಕೆ,Severe whitening,,
105,,Health worker,ಆರೋಗ್ಯ ಕಾರ್ಯಕರ್ತರು,Health workers,,
106,,Front desk,ಮುಂಭಾಗದ ಕೌಂಟರ್,Front Counter,,
107,,Loud noise,ದೊಡ್ಡ ಶಬ್ದ,Big noise,,
108,,speech measured: {w}% word errors,ಮಾತು ಅಳೆಯಲಾಗಿದೆ: {w}% ಪದ ದೋಷ,Word measured: {w}% Word error,,
109,,"Slow on a laptop (about 3 × real time), so it answers after the read-back has started.","ಲ್ಯಾಪ್‌ಟಾಪ್‌ನಲ್ಲಿ ನಿಧಾನ (ಮಾತಿನ ಸಮಯದ ಸುಮಾರು 3 ಪಟ್ಟು), ಆದ್ದರಿಂದ ಓದಿ ಹೇಳುವುದು ಶುರುವಾದ ನಂತರ ಉತ್ತರಿಸುತ್ತದೆ.","Slow on the laptop (about 3 times the talk time), so reads and answers once you start speaking.",,
110,,Handwriting is not read reliably offline. Every value carries the image it came from.,ಆಫ್‌ಲೈನ್‌ನಲ್ಲಿ ಕೈಬರಹವನ್ನು ವಿಶ್ವಾಸಾರ್ಹವಾಗಿ ಓದಲಾಗುವುದಿಲ್ಲ. ಪ್ರತಿ ಮೌಲ್ಯದ ಜೊತೆ ಅದರ ಮೂಲ ಚಿತ್ರ ಇರುತ್ತದೆ.,Handwriting cannot be reliably read offline. Each value is accompanied by its original image.,,
111,,Reads kiosk questions aloud where the device has no voice for the language (Windows has none for Odia).,ಸಾಧನದಲ್ಲಿ ಭಾಷೆಯ ಧ್ವನಿ ಇಲ್ಲದಿದ್ದಲ್ಲಿ ಕಿಯೋಸ್ಕ್ ಪ್ರಶ್ನೆಗಳನ್ನು ಓದಿ ಹೇಳುತ್ತದೆ (Windows ನಲ್ಲಿ ಒಡಿಯಾ ಧ್ವನಿ ಇಲ್ಲ).,The kiosk will read the questions if the device does not have a language sound (Windows does not have an Odia sound).,,
112,,Known limits,ತಿಳಿದಿರುವ ಮಿತಿಗಳು,Known limitations,,
113,,"Read speech is cleaner than a clinic. Dialects, medical words and noise raise errors. Answers heard with low confidence become a question for the health worker.","ಓದಿದ ಮಾತು ಕ್ಲಿನಿಕ್‌ಗಿಂತ ಸ್ಪಷ್ಟ. ಉಪಭಾಷೆಗಳು, ವೈದ್ಯಕೀಯ ಪದಗಳು ಮತ್ತು ಗದ್ದಲ ದೋಷಗಳನ್ನು ಹೆಚ್ಚಿಸುತ್ತವೆ. ಕಡಿಮೆ ಖಚಿತತೆಯಿಂದ ಕೇಳಿದ ಉತ್ತರಗಳು ಆರೋಗ್ಯ ಕಾರ್ಯಕರ್ತರಿಗೆ ಪ್ರಶ್ನೆಯಾಗುತ್ತವೆ.","Readings are clearer than in the clinic. Dialects, medical terms, and noise increase errors. Answers asked with less certainty are a question for healthcare workers.",,
114,,20 held-out synthetic cases for the summary; 50 cases for the urgency opinion (docs/EVALUATION.md).,ಸಾರಾಂಶಕ್ಕಾಗಿ 20 ಪ್ರತ್ಯೇಕವಾಗಿ ಇಟ್ಟ ಕೃತಕ ಪ್ರಕರಣಗಳು; ತುರ್ತು ಅಭಿಪ್ರಾಯಕ್ಕಾಗಿ 50 ಪ್ರಕರಣಗಳು (docs/EVALUATION.md).,20 separate artificial cases for summary; 50 cases for emergency opinion (docs / EVALUATION.md).,,
115,,Leave a box blank if it was not measured; the note lists it as not measured.,ಅಳೆಯದಿದ್ದರೆ ಪೆಟ್ಟಿಗೆಯನ್ನು ಖಾಲಿ ಬಿಡಿ; ಟಿಪ್ಪಣಿಯಲ್ಲಿ ಅದನ್ನು ಅಳೆದಿಲ್ಲ ಎಂದು ತೋರಿಸಲಾಗುತ್ತದೆ.,Leave the box blank if unmeasured; it will be shown as unmeasured on the note.,,
116,,"For the workplace health check. Your employer never sees these answers or any symptom, only department totals.","ಕೆಲಸದ ಸ್ಥಳದ ಆರೋಗ್ಯ ತಪಾಸಣೆಗಾಗಿ. ನಿಮ್ಮ ಉದ್ಯೋಗದಾತರು ಈ ಉತ್ತರಗಳನ್ನು ಅಥವಾ ಯಾವುದೇ ಲಕ್ಷಣವನ್ನು ನೋಡುವುದಿಲ್ಲ, ವಿಭಾಗದ ಒಟ್ಟು ಸಂಖ್ಯೆ ಮಾತ್ರ.","For a workplace health checkup. Your employer won't see these answers or any feature, just the total number of sections.",,
117,,"Diabetes, BP, asthma/COPD, TB or other long-term illness","ಮಧುಮೇಹ, ರಕ್ತದೊತ್ತಡ, ಅಸ್ತಮಾ/COPD, ಕ್ಷಯ ಅಥವಾ ಇತರ ದೀರ್ಘಕಾಲದ ಕಾಯಿಲೆ","Diabetes, hypertension, asthma / COPD, tuberculosis, or other chronic disease",,
118,,Is there sweating or feeling faint with the pain?,ನೋವಿನೊಂದಿಗೆ ಬೆವರುವುದು ಅಥವಾ ತಲೆ ತಿರುಗಿ ಬೀಳುವಂತೆ ಅನಿಸುತ್ತದೆಯೇ?,Feeling like sweating or turning your head with pain?,,
119,,Intakes are queued in IndexedDB on this device and synced automatically when you switch back online.,ನೋಂದಣಿಗಳನ್ನು ಈ ಸಾಧನದ IndexedDB ಯಲ್ಲಿ ಸರತಿಯಲ್ಲಿ ಇಡಲಾಗುತ್ತದೆ ಮತ್ತು ಮತ್ತೆ ಆನ್‌ಲೈನ್ ಆದಾಗ ತಾನಾಗಿಯೇ ಸಿಂಕ್ ಆಗುತ್ತವೆ.,Registrations are queued in the device's IndexedDB and automatically sync when online again.,,
120,,"Audio or a photo, only when the patient chose AI helpers; fixed prompts for the voice. Hosted in India.","ಆಡಿಯೋ ಅಥವಾ ಫೋಟೋ, ರೋಗಿ AI ಸಹಾಯಕರನ್ನು ಆರಿಸಿದಾಗ ಮಾತ್ರ; ಧ್ವನಿಗೆ ನಿಗದಿತ ವಾಕ್ಯಗಳು. ಭಾರತದಲ್ಲಿ ಹೋಸ್ಟ್.","Audio or photo, only when the patient chooses an AI assistant; sentences assigned to the voice. Host in India.",,
121,,Back-translation checks and native-speaker review of the screen text (docs/translation_review.csv).,ಹಿಮ್ಮುಖ ಅನುವಾದದ ಪರಿಶೀಲನೆ ಮತ್ತು ಪರದೆಯ ಪಠ್ಯದ ಮಾತೃಭಾಷಿಕರ ಪರಿಶೀಲನೆ (docs/translation_review.csv).,Reverse translation verification and screen text mother tongue verification (docs / translation _ review.csv).,,
122,,Offline — search is unavailable. Register as new; records are matched when synced.,ಆಫ್‌ಲೈನ್ — ಹುಡುಕಾಟ ಲಭ್ಯವಿಲ್ಲ. ಹೊಸದಾಗಿ ನೋಂದಾಯಿಸಿ; ಸಿಂಕ್ ಆದಾಗ ದಾಖಲೆಗಳನ್ನು ಹೊಂದಿಸಲಾಗುತ್ತದೆ.,Offline-search is not available. Register anew; records will be set when synced.,,
123,,A second engine heard something different,ಎರಡನೇ ಎಂಜಿನ್ ಬೇರೆ ಏನನ್ನೋ ಕೇಳಿತು,The second engine asked for something else.,,
124,,Optional. Entered by the nurse / ANM. Readings feed the deterministic rules engine.,ಐಚ್ಛಿಕ. ನರ್ಸ್ / ANM ನಮೂದಿಸುತ್ತಾರೆ. ಅಳತೆಗಳು ನಿಗದಿತ ನಿಯಮಗಳ ಎಂಜಿನ್‌ಗೆ ಹೋಗುತ್ತವೆ.,Optional. Nurse / ANM will enter. Measurements will go to the set rules engine.,,
125,,Is the child able to drink or breastfeed?,ಮಗು ಕುಡಿಯಲು ಅಥವಾ ಎದೆಹಾಲು ಕುಡಿಯಲು ಸಾಧ್ಯವೇ?,Is it possible for the baby to drink or breastfeed?,,
126,,Less than usual — reduced movement,ಎಂದಿಗಿಂತ ಕಡಿಮೆ — ಚಲನೆ ಕಡಿಮೆಯಾಗಿದೆ,Less than ever - less movement,,
127,,Saved — the rules raised the urgency; the doctor has been alerted in the queue,ಉಳಿಸಲಾಗಿದೆ — ನಿಯಮಗಳು ತುರ್ತು ಮಟ್ಟವನ್ನು ಹೆಚ್ಚಿಸಿವೆ; ಸರತಿಯಲ್ಲಿ ವೈದ್ಯರಿಗೆ ಎಚ್ಚರಿಕೆ ನೀಡಲಾಗಿದೆ,Saved - Rules have raised the emergency level; doctors in line have been alerted,,
128,,Its opinion can raise attention but can never lower the urgency.,ಇದರ ಅಭಿಪ್ರಾಯ ಗಮನ ಹೆಚ್ಚಿಸಬಹುದು ಆದರೆ ತುರ್ತು ಮಟ್ಟವನ್ನು ಎಂದಿಗೂ ಕಡಿಮೆ ಮಾಡಲಾರದು.,"The feedback may increase attention, but the level of urgency can never be reduced.",,
129,,"Synthetic and public report images, held-out set (docs/EVALUATION.md).","ಕೃತಕ ಮತ್ತು ಸಾರ್ವಜನಿಕ ವರದಿ ಚಿತ್ರಗಳು, ಪ್ರತ್ಯೇಕವಾಗಿ ಇಟ್ಟ ಸೆಟ್ (docs/EVALUATION.md).","Artificial and public reporting images, set separately (docs / EVALUATION.md).",,
130,,Busy day at this facility: only the safety questions are asked. The nurse asks the rest.,ಇಂದು ಈ ಕೇಂದ್ರದಲ್ಲಿ ಜನಸಂದಣಿ: ಸುರಕ್ಷತಾ ಪ್ರಶ್ನೆಗಳನ್ನು ಮಾತ್ರ ಕೇಳಲಾಗುತ್ತದೆ. ಉಳಿದವನ್ನು ನರ್ಸ್ ಕೇಳುತ್ತಾರೆ.,Today the center is crowded: only safety questions are asked. the nurse does the rest.,,
131,,Offline — register as new; records are matched when synced.,ಆಫ್‌ಲೈನ್ — ಹೊಸದಾಗಿ ನೋಂದಾಯಿಸಿ; ಸಿಂಕ್ ಆದಾಗ ದಾಖಲೆಗಳನ್ನು ಹೊಂದಿಸಲಾಗುತ್ತದೆ.,Offline - Register anew; records will be set when synced.,,
132,,Several people use this phone — who is the patient?,ಈ ಫೋನ್ ಅನ್ನು ಹಲವರು ಬಳಸುತ್ತಾರೆ — ರೋಗಿ ಯಾರು?,This phone is used by many - who is the patient?,,
133,,"Dry mouth, sunken eyes or passing very little urine?","ಬಾಯಿ ಒಣಗುವುದು, ಕಣ್ಣುಗಳು ಒಳಗೆ ಹೋಗುವುದು ಅಥವಾ ತುಂಬಾ ಕಡಿಮೆ ಮೂತ್ರ?","Dry mouth, drooping eyes, or too little urine?",,
134,,"Big pictures, fewer words — for low-literacy users.","ದೊಡ್ಡ ಚಿತ್ರಗಳು, ಕಡಿಮೆ ಪದಗಳು — ಓದಲು ಕಷ್ಟವಿರುವವರಿಗಾಗಿ.","Big pictures, fewer words - for those who find it hard to read.",,
135,,It only flags; it never replaces the patient's confirmed words.,ಇದು ಕೇವಲ ಎಚ್ಚರಿಸುತ್ತದೆ; ರೋಗಿಯ ದೃಢಪಡಿಸಿದ ಪದಗಳನ್ನು ಎಂದಿಗೂ ಬದಲಿಸುವುದಿಲ್ಲ.,It simply alerts; never changes the patient's confirmed words.,,
136,,Needs a network and credits. Off in the stub profile.,ನೆಟ್‌ವರ್ಕ್ ಮತ್ತು ಕ್ರೆಡಿಟ್ ಬೇಕು. stub ಪ್ರೊಫೈಲ್‌ನಲ್ಲಿ ಆಫ್.,Network and credit required. Off in stub profile.,,
137,,AI helpers are off for this visit. Please tap the pictures or type.,ಈ ಭೇಟಿಗೆ AI ಸಹಾಯಕರು ಆಫ್ ಆಗಿದ್ದಾರೆ. ದಯವಿಟ್ಟು ಚಿತ್ರಗಳನ್ನು ಒತ್ತಿ ಅಥವಾ ಟೈಪ್ ಮಾಡಿ.,The AI assistant is turned off for this visit. Please press or type images.,,
138,,"Every engine Jeevia uses: what it does, where it runs, what leaves the device, how it was measured and what it is never allowed to decide. The urgency always comes from fixed rules, and a qualified health worker reviews every case.","Jeevia ಬಳಸುವ ಪ್ರತಿ ಎಂಜಿನ್: ಅದು ಏನು ಮಾಡುತ್ತದೆ, ಎಲ್ಲಿ ಓಡುತ್ತದೆ, ಸಾಧನದಿಂದ ಏನು ಹೊರಹೋಗುತ್ತದೆ, ಹೇಗೆ ಅಳೆಯಲಾಗಿದೆ ಮತ್ತು ಅದು ಎಂದಿಗೂ ಏನನ್ನು ನಿರ್ಧರಿಸಬಾರದು. ತುರ್ತು ಮಟ್ಟ ಯಾವಾಗಲೂ ನಿಗದಿತ ನಿಯಮಗಳಿಂದ ಬರುತ್ತದೆ, ಮತ್ತು ಪ್ರತಿ ಪ್ರಕರಣವನ್ನು ಅರ್ಹ ಆರೋಗ್ಯ ಕಾರ್ಯಕರ್ತರು ಪರಿಶೀಲಿಸುತ್ತಾರೆ.","Each engine used by Jeevia: what it does, where it runs, what goes out of the device, how it is measured, and what it should never be determined. The emergency level always comes with set rules, and each case is reviewed by a qualified health worker.",,
139,,"Could not understand the recording — please speak again, or type or tap your symptoms","ರೆಕಾರ್ಡಿಂಗ್ ಅರ್ಥವಾಗಲಿಲ್ಲ — ದಯವಿಟ್ಟು ಮತ್ತೆ ಮಾತನಾಡಿ, ಅಥವಾ ನಿಮ್ಮ ಲಕ್ಷಣಗಳನ್ನು ಟೈಪ್ ಮಾಡಿ ಅಥವಾ ಒತ್ತಿ","Didn't understand the recording - please speak again, or type or press your attributes.",,
140,,Uploads need a connection — ask staff to add reports after syncing,ಅಪ್‌ಲೋಡ್‌ಗೆ ಸಂಪರ್ಕ ಬೇಕು — ಸಿಂಕ್ ಆದ ನಂತರ ವರದಿಗಳನ್ನು ಸೇರಿಸಲು ಸಿಬ್ಬಂದಿಯನ್ನು ಕೇಳಿ,Upload needs to be connected - ask staff to add reports after syncing,,
141,,"This device has no {lang} voice, so questions are not read aloud. Install the {lang} voice in the device’s text-to-speech settings.","ಈ ಸಾಧನದಲ್ಲಿ {lang} ಧ್ವನಿ ಇಲ್ಲ, ಆದ್ದರಿಂದ ಪ್ರಶ್ನೆಗಳನ್ನು ಓದಿ ಹೇಳಲಾಗುವುದಿಲ್ಲ. ಸಾಧನದ ಪಠ್ಯ-ಧ್ವನಿ ಸೆಟ್ಟಿಂಗ್‌ಗಳಲ್ಲಿ {lang} ಧ್ವನಿಯನ್ನು ಸ್ಥಾಪಿಸಿ.","This device does not have {lang} sound, so queries cannot be read. Install {lang} sound in the device's text-to-voice settings.",,
142,,For staff: vitals,ಸಿಬ್ಬಂದಿಗಾಗಿ: ಜೀವಚಿಹ್ನೆಗಳು,For staff: Biosignatures,,
143,,Next check-up date,ಮುಂದಿನ ತಪಾಸಣೆ ದಿನಾಂಕ,Next inspection date,,
144,,Work and exposure,ಕೆಲಸ ಮತ್ತು ಸಂಪರ್ಕ,Work and Communication,,
145,,"Lab report, prescription","ಲ್ಯಾಬ್ ವರದಿ, ಚೀಟಿ","Lab report, voucher",,
146,,"Rash, wound, swelling","ದದ್ದು, ಗಾಯ, ಊತ","Rash, bruise, swelling",,
147,,"(synthetic, for the demo — OCR values are traced to the image)","(ಕೃತಕ, ಡೆಮೊಗಾಗಿ — OCR ಮೌಲ್ಯಗಳನ್ನು ಚಿತ್ರದಿಂದ ಗುರುತಿಸಲಾಗಿದೆ)","(Synthetic, for demo - OCR values marked by image)",,
148,,Find the patient or register a new person,ರೋಗಿಯನ್ನು ಹುಡುಕಿ ಅಥವಾ ಹೊಸ ವ್ಯಕ್ತಿಯನ್ನು ನೋಂದಾಯಿಸಿ,Find a patient or register a new one.,,
149,,Enter a valid age,ಸರಿಯಾದ ವಯಸ್ಸನ್ನು ನಮೂದಿಸಿ,Enter the correct age,,
150,,Since when do you have this problem?,ಈ ತೊಂದರೆ ಯಾವಾಗಿನಿಂದ ಇದೆ?,Since when has this problem been there?,,
151,,Bind this device,ಈ ಸಾಧನವನ್ನು ಜೋಡಿಸಿ,Attach this device,,
152,,"This facility is set to online only: with no network, the kiosk asks staff to use the paper form. A supervisor can turn on offline-first kiosks in Facility setup.","ಈ ಕೇಂದ್ರವನ್ನು ಆನ್‌ಲೈನ್ ಮಾತ್ರ ಎಂದು ಹೊಂದಿಸಲಾಗಿದೆ: ನೆಟ್‌ವರ್ಕ್ ಇಲ್ಲದಿದ್ದಾಗ, ಕಿಯೋಸ್ಕ್ ಸಿಬ್ಬಂದಿಗೆ ಕಾಗದದ ಫಾರ್ಮ್ ಬಳಸಲು ಹೇಳುತ್ತದೆ. ಮೇಲ್ವಿಚಾರಕರು ಕೇಂದ್ರದ ಸೆಟಪ್‌ನಲ್ಲಿ ಆಫ್‌ಲೈನ್ ಕಿಯೋಸ್ಕ್ ಆನ್ ಮಾಡಬಹುದು.","The center is set to be online only: when there is no network, the kiosk tells staff to use a paper form. Supervisors can turn on the offline kiosk in the center's setup.",,
153,,Voice & text input,ಧ್ವನಿ ಮತ್ತು ಪಠ್ಯ ನಮೂದು,Voice and text entry,,
154,,Read questions aloud,ಪ್ರಶ್ನೆಗಳನ್ನು ಓದಿ ಹೇಳಿ,Read the questions,,
155,,Stridor / noisy breathing,ಸ್ಟ್ರೈಡರ್ / ಗದ್ದಲದ ಉಸಿರಾಟ,Strider / noisy breathing,,
156,,"It is not an AI model, and it does not diagnose. A clinician reviews every case.","ಇದು AI ಮಾದರಿಯಲ್ಲ, ಮತ್ತು ಇದು ರೋಗನಿರ್ಣಯ ಮಾಡುವುದಿಲ್ಲ. ಪ್ರತಿ ಪ್ರಕರಣವನ್ನು ವೈದ್ಯರು ಪರಿಶೀಲಿಸುತ್ತಾರೆ.","This is not an AI model, and it does not diagnose. Each case is reviewed by a doctor.",,
157,,We are not sure we heard this correctly. A health worker will ask you about it. You can also say it again or tap the pictures.,ನಾವು ಸರಿಯಾಗಿ ಕೇಳಿದೆವೋ ಖಚಿತವಿಲ್ಲ. ಆರೋಗ್ಯ ಕಾರ್ಯಕರ್ತರು ಈ ಬಗ್ಗೆ ನಿಮ್ಮನ್ನು ಕೇಳುತ್ತಾರೆ. ನೀವು ಮತ್ತೆ ಹೇಳಬಹುದು ಅಥವಾ ಚಿತ್ರಗಳನ್ನು ಒತ್ತಬಹುದು.,Not sure if we heard right. Health workers will ask you about this. You can say it again or click pictures.,,
158,,"Medical words can be mistranslated. Every translated history carries an MT-CHECK flag, with the patient's own words shown alongside.","ವೈದ್ಯಕೀಯ ಪದಗಳು ತಪ್ಪಾಗಿ ಅನುವಾದವಾಗಬಹುದು. ಪ್ರತಿ ಅನುವಾದಿತ ಇತಿಹಾಸಕ್ಕೂ MT-CHECK ಎಚ್ಚರಿಕೆ ಇರುತ್ತದೆ, ಜೊತೆಗೆ ರೋಗಿಯ ಸ್ವಂತ ಪದಗಳನ್ನು ತೋರಿಸಲಾಗುತ್ತದೆ.","Medical terms can be mistranslated. There is an MT-CHECK warning for each translated history, as well as the patient's own words being shown.",,
159,,Returning? Search by phone (may be shared by family) or patient ID from an old token.,ಮತ್ತೆ ಬಂದಿದ್ದೀರಾ? ಫೋನ್ (ಕುಟುಂಬದೊಂದಿಗೆ ಹಂಚಿಕೊಂಡಿರಬಹುದು) ಅಥವಾ ಹಳೆಯ ಟೋಕನ್‌ನ ರೋಗಿಯ ಐಡಿಯಿಂದ ಹುಡುಕಿ.,Search by phone (maybe shared with family) or patient ID for an old token.,,
160,,"FLEURS read speech, 25 clips per language: word errors Hindi 10.7 %, Kannada 20.6 %, Odia 21.6 %. By speaker sex: Hindi women 13.9 %, men 7.0 %; Kannada women 17.3 %, men 24.2 %; Odia has only women speakers in this set.","FLEURS ಓದಿದ ಮಾತು, ಪ್ರತಿ ಭಾಷೆಗೆ 25 ಕ್ಲಿಪ್‌ಗಳು: ಪದ ದೋಷ ಹಿಂದಿ 10.7 %, ಕನ್ನಡ 20.6 %, ಒಡಿಯಾ 21.6 %. ಮಾತನಾಡುವವರ ಲಿಂಗದ ಪ್ರಕಾರ: ಹಿಂದಿ ಮಹಿಳೆಯರು 13.9 %, ಪುರುಷರು 7.0 %; ಕನ್ನಡ ಮಹಿಳೆಯರು 17.3 %, ಪುರುಷರು 24.2 %; ಈ ಸೆಟ್‌ನಲ್ಲಿ ಒಡಿಯಾದಲ್ಲಿ ಮಹಿಳಾ ಮಾತುಗಾರರು ಮಾತ್ರ.","FLEURS readings, 25 clips per language: Word error Hindi 10.7%, Kannada 20.6%, Odia 21.6%. Gender of speakers: Hindi women 13.9%, men 7. 0%; Kannada women 17.3%, men 24.2%; only female speakers in Odia in this set.",,
161,,Online translation when the offline translator cannot run on this server.,ಈ ಸರ್ವರ್‌ನಲ್ಲಿ ಆಫ್‌ಲೈನ್ ಅನುವಾದಕ ಓಡದಿದ್ದಾಗ ಆನ್‌ಲೈನ್ ಅನುವಾದ.,Online translation when an offline translator is not running on this server.,,
162,,"No network, and this facility does not queue intakes on the device. Use the paper form and enter it when the connection is back.","ನೆಟ್‌ವರ್ಕ್ ಇಲ್ಲ, ಮತ್ತು ಈ ಕೇಂದ್ರ ಸಾಧನದಲ್ಲಿ ಮಾಹಿತಿಯನ್ನು ಉಳಿಸುವುದಿಲ್ಲ. ಕಾಗದದ ಫಾರ್ಮ್ ಬಳಸಿ ಮತ್ತು ಸಂಪರ್ಕ ಮರಳಿದಾಗ ನಮೂದಿಸಿ.","There is no network, and this center will not save information on the device. Use the paper form and enter when the connection is returned.",,
163,,"Used only to count fevers per hostel, so the campus doctor can spot an outbreak. Your name is never shown with it.","ಕ್ಯಾಂಪಸ್ ವೈದ್ಯರು ಸೋಂಕು ಹರಡುವುದನ್ನು ಗುರುತಿಸಲು, ಪ್ರತಿ ಹಾಸ್ಟೆಲ್‌ನ ಜ್ವರಗಳನ್ನು ಎಣಿಸಲು ಮಾತ್ರ ಬಳಸಲಾಗುತ್ತದೆ. ಇದರೊಂದಿಗೆ ನಿಮ್ಮ ಹೆಸರನ್ನು ಎಂದಿಗೂ ತೋರಿಸುವುದಿಲ್ಲ.","Campus doctors are only used to count each hostel's fevers, to identify the spread of the infection. Your name will never be shown with this.",,
164,,Sensitive questions will be asked by a health worker in private.,ಸೂಕ್ಷ್ಮ ಪ್ರಶ್ನೆಗಳನ್ನು ಆರೋಗ್ಯ ಕಾರ್ಯಕರ್ತರು ಖಾಸಗಿಯಾಗಿ ಕೇಳುತ್ತಾರೆ.,The sensitive questions are asked privately by the health worker.,,
165,,"Fever, pain, injury, cough or any new problem","ಜ್ವರ, ನೋವು, ಗಾಯ, ಕೆಮ್ಮು ಅಥವಾ ಯಾವುದೇ ಹೊಸ ತೊಂದರೆ","Fever, pain, bruising, cough, or any new complication",,
166,,voice needs the server — please type or tap,ಧ್ವನಿಗೆ ಸರ್ವರ್ ಬೇಕು — ದಯವಿಟ್ಟು ಟೈಪ್ ಮಾಡಿ ಅಥವಾ ಒತ್ತಿ,Voice needs a server - please type or press,,
167,,Another date moves to the next clinic day.,ಬೇರೆ ದಿನಾಂಕವು ಮುಂದಿನ ಕ್ಲಿನಿಕ್ ದಿನಕ್ಕೆ ಸರಿಯುತ್ತದೆ.,A different date will move to the next clinic day.,,
168,,Did the person faint or hit their head?,ವ್ಯಕ್ತಿ ಮೂರ್ಛೆ ಹೋದರೇ ಅಥವಾ ತಲೆಗೆ ಪೆಟ್ಟಾಯಿತೇ?,Did the person faint or have a head injury?,,
169,,You get a reference number. Show it at the desk when you arrive; your place in the queue starts then.,ನಿಮಗೆ ಒಂದು ಉಲ್ಲೇಖ ಸಂಖ್ಯೆ ಸಿಗುತ್ತದೆ. ಬಂದಾಗ ಅದನ್ನು ಕೌಂಟರ್‌ನಲ್ಲಿ ತೋರಿಸಿ; ಸರತಿಯಲ್ಲಿ ನಿಮ್ಮ ಸ್ಥಾನ ಆಗಲೇ ಆರಂಭವಾಗುತ್ತದೆ.,You'll get a reference number. Show it on the counter when you arrive; your position in the queue will start right away.,,
170,,Recorded by nurses and doctors during this visit,ಈ ಭೇಟಿಯಲ್ಲಿ ನರ್ಸ್‌ಗಳು ಮತ್ತು ವೈದ್ಯರು ದಾಖಲಿಸಿದ್ದು,The visit was recorded by nurses and doctors.,,
171,,Machine translated — please read it out to the patient.,ಯಂತ್ರ ಅನುವಾದ — ದಯವಿಟ್ಟು ರೋಗಿಗೆ ಓದಿ ಹೇಳಿ.,Machine translation - please read to the patient.,,
172,,"It was less urgent than the rules on four RED cases. Its text is used only when it passes fact checks, otherwise the reviewer sees a template.","ನಾಲ್ಕು ಕೆಂಪು ಪ್ರಕರಣಗಳಲ್ಲಿ ಇದು ನಿಯಮಗಳಿಗಿಂತ ಕಡಿಮೆ ತುರ್ತು ಎಂದಿತು. ಸತ್ಯ-ಪರಿಶೀಲನೆ ಪಾಸಾದಾಗ ಮಾತ್ರ ಇದರ ಪಠ್ಯ ಬಳಕೆಯಾಗುತ್ತದೆ, ಇಲ್ಲದಿದ್ದರೆ ಪರಿಶೀಲಕರು ನಿಗದಿತ ನಮೂನೆ ನೋಡುತ್ತಾರೆ.","In the four red cases, this was less urgent than the rules. The text is only used when a fact-check has been passed, otherwise the examiner will see the prescribed form.",,
173,,Type or tap only. Staff read your reports themselves. Your care is the same.,ಟೈಪ್ ಅಥವಾ ಒತ್ತುವುದು ಮಾತ್ರ. ಸಿಬ್ಬಂದಿ ನಿಮ್ಮ ವರದಿಗಳನ್ನು ತಾವೇ ಓದುತ್ತಾರೆ. ನಿಮ್ಮ ಚಿಕಿತ್ಸೆ ಒಂದೇ ಆಗಿರುತ್ತದೆ.,Only by typing or pressing. The staff will read your reports themselves. Your treatment will be the same.,,
174,,"A second, offline hearing of the same recording. A disagreement is shown to the patient and the reviewer.","ಅದೇ ರೆಕಾರ್ಡಿಂಗ್ ಅನ್ನು ಎರಡನೇ ಬಾರಿ, ಆಫ್‌ಲೈನ್‌ನಲ್ಲಿ ಕೇಳುವುದು. ಭಿನ್ನಾಭಿಪ್ರಾಯವನ್ನು ರೋಗಿ ಮತ್ತು ಪರಿಶೀಲಕರಿಗೆ ತೋರಿಸಲಾಗುತ್ತದೆ.","Listening to the same recording a second time, offline. Disagreements are shown to the patient and the examiner.",,
175,,Never the only engine for a decision; its readings are marked for checking.,ಯಾವ ನಿರ್ಧಾರಕ್ಕೂ ಏಕೈಕ ಎಂಜಿನ್ ಅಲ್ಲ; ಇದರ ಓದುಗಳನ್ನು ಪರಿಶೀಲನೆಗೆ ಗುರುತಿಸಲಾಗುತ್ತದೆ.,It is not the sole engine for any decision; its readings are marked for review.,,
176,,Understanding what you said…,ನೀವು ಹೇಳಿದ್ದನ್ನು ಅರ್ಥಮಾಡಿಕೊಳ್ಳಲಾಗುತ್ತಿದೆ…,Understand what you said...,,
177,,Use this one instead,ಬದಲಿಗೆ ಇದನ್ನು ಬಳಸಿ,Use this instead.,,
178,,"On a phone that is not hers, reminders never mention pregnancy.","ಅವರದಲ್ಲದ ಫೋನ್‌ನಲ್ಲಿ, ಜ್ಞಾಪನೆಗಳು ಎಂದಿಗೂ ಗರ್ಭಾವಸ್ಥೆಯನ್ನು ಉಲ್ಲೇಖಿಸುವುದಿಲ್ಲ.","On a phone that isn't theirs, the reminders never mention pregnancy.",,
179,,Choose the visit type,ಭೇಟಿಯ ಪ್ರಕಾರವನ್ನು ಆಯ್ಕೆಮಾಡಿ,Select the type of visit,,
180,,BP systolic must be higher than diastolic — check the reading,ಸಿಸ್ಟೋಲಿಕ್ ಡಯಾಸ್ಟೋಲಿಕ್‌ಗಿಂತ ಹೆಚ್ಚಿರಬೇಕು — ಅಳತೆಯನ್ನು ಪರಿಶೀಲಿಸಿ,The systolic should be higher than the diastolic - check the measurement,,
181,,No — difficulty breathing while talking,ಇಲ್ಲ — ಮಾತನಾಡುವಾಗ ಉಸಿರಾಟದ ತೊಂದರೆ,No - difficulty breathing while speaking,,
182,,Yes — fainted / head injury,ಹೌದು — ಮೂರ್ಛೆ / ತಲೆಗೆ ಪೆಟ್ಟು,Yes - Fainting / Head Injury,,
183,,— kiosk requires a staff role.,— ಕಿಯೋಸ್ಕ್‌ಗೆ ಸಿಬ್ಬಂದಿ ಪಾತ್ರ ಬೇಕು.,- The kiosk needs a staff role.,,
184,,Simulate offline (rural camp),ಆಫ್‌ಲೈನ್ ಅನುಕರಿಸಿ (ಗ್ರಾಮೀಣ ಶಿಬಿರ),Imitate Offline (rural camp),,
185,,Kiosk and intake translated; staff screens show English.,ಕಿಯೋಸ್ಕ್ ಮತ್ತು ನೋಂದಣಿ ಅನುವಾದಿತ; ಸಿಬ್ಬಂದಿ ಪರದೆಗಳು ಇಂಗ್ಲಿಷ್‌ನಲ್ಲಿ.,Kiosk and registration translated; staff screens in English.,,
186,,"Only as good as its rules. Unknown vitals are never treated as normal, so many cases stay YELLOW until measured.","ಇದು ತನ್ನ ನಿಯಮಗಳಷ್ಟೇ ಉತ್ತಮ. ತಿಳಿಯದ ಜೀವಚಿಹ್ನೆಗಳನ್ನು ಎಂದಿಗೂ ಸಾಮಾನ್ಯವೆಂದು ಪರಿಗಣಿಸುವುದಿಲ್ಲ, ಆದ್ದರಿಂದ ಅಳೆಯುವವರೆಗೆ ಹಲವು ಪ್ರಕರಣಗಳು ಹಳದಿಯಾಗಿರುತ್ತವೆ.","It is as good as its rules. Unknown life-marks are never considered normal, so many cases are yellow until measured.",,
187,,Not scored; listened to by the team. About half a second of computing per second of speech on a laptop.,ಅಂಕ ನೀಡಿಲ್ಲ; ತಂಡ ಕೇಳಿ ಪರಿಶೀಲಿಸಿದೆ. ಲ್ಯಾಪ್‌ಟಾಪ್‌ನಲ್ಲಿ ಪ್ರತಿ ಸೆಕೆಂಡ್ ಮಾತಿಗೆ ಸುಮಾರು ಅರ್ಧ ಸೆಕೆಂಡ್ ಗಣನೆ.,The score was not given; the team listened and checked. About half a second counts for every second of speech on the laptop.,,
188,,Government of India service terms,ಭಾರತ ಸರ್ಕಾರದ ಸೇವಾ ನಿಯಮಗಳು,Government of India Service Rules,,
189,,"Patients do not sign in. A nurse, ANM or receptionist unlocks this tablet with their staff account; it then stays in intake mode.","ರೋಗಿಗಳು ಸೈನ್ ಇನ್ ಮಾಡುವುದಿಲ್ಲ. ನರ್ಸ್, ANM ಅಥವಾ ಸ್ವಾಗತಕಾರರು ತಮ್ಮ ಸಿಬ್ಬಂದಿ ಖಾತೆಯಿಂದ ಈ ಟ್ಯಾಬ್ಲೆಟ್ ಅನ್ನು ತೆರೆಯುತ್ತಾರೆ; ನಂತರ ಅದು ನೋಂದಣಿ ಮೋಡ್‌ನಲ್ಲೇ ಇರುತ್ತದೆ.","Patients do not sign in. The nurse, ANM, or receptionist will open this tablet from their staff account; it will then remain in registration mode.",,
190,,A value read from a photo is never trusted over a value measured today.,ಫೋಟೋದಿಂದ ಓದಿದ ಮೌಲ್ಯವನ್ನು ಇಂದು ಅಳೆದ ಮೌಲ್ಯಕ್ಕಿಂತ ಎಂದಿಗೂ ಹೆಚ್ಚು ನಂಬುವುದಿಲ್ಲ.,Never trust the value read from a photo more than the value measured today.,,
191,,It only reads out text the app already shows on screen.,ಇದು ಆ್ಯಪ್ ಈಗಾಗಲೇ ಪರದೆಯ ಮೇಲೆ ತೋರಿಸುವ ಪಠ್ಯವನ್ನು ಮಾತ್ರ ಓದುತ್ತದೆ.,This will only read the text that the app already shows on the screen.,,
192,,"Speech to text, translation and reading reports on this facility's computer. Your recorded words, and photos of handwritten papers, may also be read by a second engine online, in India (Sarvam AI).","ಈ ಕೇಂದ್ರದ ಕಂಪ್ಯೂಟರ್‌ನಲ್ಲಿ ಮಾತಿನಿಂದ ಪಠ್ಯ, ಅನುವಾದ ಮತ್ತು ವರದಿ ಓದುವಿಕೆ. ನಿಮ್ಮ ರೆಕಾರ್ಡ್ ಮಾಡಿದ ಮಾತುಗಳು ಮತ್ತು ಕೈಬರಹದ ಕಾಗದಗಳ ಫೋಟೋಗಳನ್ನು ಭಾರತದಲ್ಲಿರುವ ಎರಡನೇ ಆನ್‌ಲೈನ್ ಎಂಜಿನ್ (Sarvam AI) ಕೂಡ ಓದಬಹುದು.","Word-to-text, translation, and report reading on this centre's computer. Your recorded words and handwritten paper photos can also be read by the second online engine (Sarvam AI) in India.",,
193,,Ask the patient which is right.,ಯಾವುದು ಸರಿ ಎಂದು ರೋಗಿಯನ್ನು ಕೇಳಿ.,Ask the patient what is right.,,
194,,Hostel or block where you stay,ನೀವು ಇರುವ ಹಾಸ್ಟೆಲ್ ಅಥವಾ ಬ್ಲಾಕ್,The hostel or block where you live,,
195,,"Names, or 'white tablet twice a day'","ಹೆಸರುಗಳು, ಅಥವಾ 'ದಿನಕ್ಕೆ ಎರಡು ಬಾರಿ ಬಿಳಿ ಮಾತ್ರೆ'","Names, or'white pill twice a day '.",,
196,,Can the patient speak a full sentence without stopping for breath?,ರೋಗಿ ಉಸಿರಿಗಾಗಿ ನಿಲ್ಲದೆ ಪೂರ್ಣ ವಾಕ್ಯ ಮಾತನಾಡಬಲ್ಲರೇ?,Can the patient speak a full sentence without stopping to breathe?,,
197,,Not yet felt (early pregnancy),ಇನ್ನೂ ಅನುಭವವಾಗಿಲ್ಲ (ಆರಂಭಿಕ ಗರ್ಭಾವಸ್ಥೆ),Not yet experienced (early pregnancy),,
198,,Yes — sunken eyes / dry mouth,ಹೌದು — ಕಣ್ಣುಗಳು ಒಳಗೆ / ಬಾಯಿ ಒಣಗಿದೆ,Yes - eyes inside / mouth is dry,,
199,,Settings are remembered on this device.,ಸೆಟ್ಟಿಂಗ್‌ಗಳನ್ನು ಈ ಸಾಧನದಲ್ಲಿ ನೆನಪಿಡಲಾಗುತ್ತದೆ.,The settings will be remembered on this device.,,
200,,Observations saved to the patient record,ಗಮನಿಸಿದ ಅಂಶಗಳನ್ನು ರೋಗಿಯ ದಾಖಲೆಗೆ ಉಳಿಸಲಾಗಿದೆ,The observed factors are saved to the patient's record,,
201,,"Swelling or mass of mouth, throat or neck","ಬಾಯಿ, ಗಂಟಲು ಅಥವಾ ಕುತ್ತಿಗೆಯಲ್ಲಿ ಊತ ಅಥವಾ ಗಡ್ಡೆ","Swelling or lump in the mouth, throat, or neck",,
202,,A translation is never the only record: the original words are always kept.,ಅನುವಾದ ಎಂದಿಗೂ ಏಕೈಕ ದಾಖಲೆಯಲ್ಲ: ಮೂಲ ಪದಗಳನ್ನು ಯಾವಾಗಲೂ ಇರಿಸಲಾಗುತ್ತದೆ.,A translation is never a single document: the original words are always kept.,,
203,,Read printed lab reports. Two engines read each report; a difference is flagged.,ಮುದ್ರಿತ ಲ್ಯಾಬ್ ವರದಿಗಳನ್ನು ಓದುತ್ತವೆ. ಪ್ರತಿ ವರದಿಯನ್ನು ಎರಡು ಎಂಜಿನ್‌ಗಳು ಓದುತ್ತವೆ; ವ್ಯತ್ಯಾಸವಿದ್ದರೆ ಎಚ್ಚರಿಸಲಾಗುತ್ತದೆ.,"Printed lab reports are read. Each report is read by two engines; if there is a discrepancy, a warning is issued.",,
204,,Saved to the patient record with your name. Urgency is re-checked by the fixed rules.,ನಿಮ್ಮ ಹೆಸರಿನೊಂದಿಗೆ ರೋಗಿಯ ದಾಖಲೆಗೆ ಉಳಿಸಲಾಗಿದೆ. ತುರ್ತು ಮಟ್ಟವನ್ನು ನಿಗದಿತ ನಿಯಮಗಳು ಮತ್ತೆ ಪರಿಶೀಲಿಸುತ್ತವೆ.,Saved to the patient's record with your name. The emergency level will be checked again by the prescribed rules.,,
205,,"Online second hearing, a voice for languages with no offline voice, and handwriting reading.","ಆನ್‌ಲೈನ್ ಎರಡನೇ ಬಾರಿ ಕೇಳುವುದು, ಆಫ್‌ಲೈನ್ ಧ್ವನಿ ಇಲ್ಲದ ಭಾಷೆಗಳಿಗೆ ಧ್ವನಿ, ಮತ್ತು ಕೈಬರಹ ಓದುವುದು.","Listening for a second time online, voicing for languages that don't have an offline voice, and reading handwriting.",,
206,,A second engine is still checking what it heard…,ಎರಡನೇ ಎಂಜಿನ್ ಇನ್ನೂ ತಾನು ಕೇಳಿದ್ದನ್ನು ಪರಿಶೀಲಿಸುತ್ತಿದೆ…,The second engine is still checking what it hears...,,
207,,Compared with last time you feel,ಕಳೆದ ಬಾರಿಗೆ ಹೋಲಿಸಿದರೆ ನಿಮಗೆ ಅನಿಸುವುದು,How do you feel compared to last time?,,
208,,Shared only with your care team,ನಿಮ್ಮ ಚಿಕಿತ್ಸಾ ತಂಡದೊಂದಿಗೆ ಮಾತ್ರ ಹಂಚಲಾಗುತ್ತದೆ,Will only be shared with your treatment team.,,
209,,"Speech to text in 22 Indian languages, at the kiosk.",ಕಿಯೋಸ್ಕ್‌ನಲ್ಲಿ 22 ಭಾರತೀಯ ಭಾಷೆಗಳಲ್ಲಿ ಮಾತಿನಿಂದ ಬರಹ.,Speech writing in 22 Indian languages at the kiosk.,,
210,,Its words are read back to the patient and never set the urgency alone.,ಇದರ ಪದಗಳನ್ನು ರೋಗಿಗೆ ಓದಿ ಹೇಳಲಾಗುತ್ತದೆ ಮತ್ತು ಅವು ಒಂಟಿಯಾಗಿ ಎಂದಿಗೂ ತುರ್ತು ಮಟ್ಟವನ್ನು ನಿರ್ಧರಿಸುವುದಿಲ್ಲ.,Its words are read to the patient and they alone never determine the degree of urgency.,,
211,,Not yet measured: no access key so far.,ಇನ್ನೂ ಅಳೆದಿಲ್ಲ: ಇದುವರೆಗೆ ಪ್ರವೇಶ ಕೀ ಇಲ್ಲ.,Not yet measured: No access key yet.,,
212,,Patients speak in these languages; screens show English.,ರೋಗಿಗಳು ಈ ಭಾಷೆಗಳಲ್ಲಿ ಮಾತನಾಡುತ್ತಾರೆ; ಪರದೆಗಳು ಇಂಗ್ಲಿಷ್‌ನಲ್ಲಿರುತ್ತವೆ.,Patients speak in these languages; the screens are in English.,,
213,,Kiosk speaks each question in the chosen language.,ಕಿಯೋಸ್ಕ್ ಪ್ರತಿ ಪ್ರಶ್ನೆಯನ್ನು ಆಯ್ಕೆಮಾಡಿದ ಭಾಷೆಯಲ್ಲಿ ಹೇಳುತ್ತದೆ.,The kiosk will state each question in the chosen language.,,
214,,"Odia FLEURS, same 25 clips, compared with IndicConformer (docs/EVALUATION.md).","ಒಡಿಯಾ FLEURS, ಅದೇ 25 ಕ್ಲಿಪ್‌ಗಳು, IndicConformer ಜೊತೆ ಹೋಲಿಕೆ (docs/EVALUATION.md).","Odia FLEURS, same 25 clips, comparison with IndicConformer (docs / EVALUATION.md).",,
215,,Odia FLEURS second hearing and handwriting sets (docs/EVALUATION.md).,ಒಡಿಯಾ FLEURS ಎರಡನೇ ಬಾರಿ ಕೇಳುವುದು ಮತ್ತು ಕೈಬರಹ ಸೆಟ್‌ಗಳು (docs/EVALUATION.md).,Odia FLEURS are second-time listening and handwriting sets (docs / EVALUATION.md).,,
216,,"Used only when configured. When it is used, its name is shown on the translation.",ಹೊಂದಿಸಿದಾಗ ಮಾತ್ರ ಬಳಕೆ. ಬಳಸಿದಾಗ ಅನುವಾದದ ಮೇಲೆ ಇದರ ಹೆಸರು ತೋರಿಸಲಾಗುತ್ತದೆ.,Use only when set. Its name is shown on the translation when used.,,
217,,Writes the readable summary paragraph and gives a second opinion on urgency.,ಓದಲು ಸುಲಭವಾದ ಸಾರಾಂಶ ಪ್ಯಾರಾ ಬರೆಯುತ್ತದೆ ಮತ್ತು ತುರ್ತು ಮಟ್ಟದ ಬಗ್ಗೆ ಎರಡನೇ ಅಭಿಪ್ರಾಯ ನೀಡುತ್ತದೆ.,Writes an easy-to-read summary paragraph and gives a second opinion on the level of urgency.,,
218,,Same as the offline translator: the patient's own words are always kept.,ಆಫ್‌ಲೈನ್ ಅನುವಾದಕದಂತೆ: ರೋಗಿಯ ಸ್ವಂತ ಪದಗಳನ್ನು ಯಾವಾಗಲೂ ಇರಿಸಲಾಗುತ್ತದೆ.,Like an offline translator: the patient's own words are always kept.,,
219,,Enter a 10-digit phone or a patient ID,10 ಅಂಕಿಯ ಫೋನ್ ಸಂಖ್ಯೆ ಅಥವಾ ರೋಗಿಯ ಐಡಿ ನಮೂದಿಸಿ,Enter a 10-digit phone number or patient ID.,,
220,,No patient with that ID,ಆ ಐಡಿಯ ರೋಗಿ ಇಲ್ಲ,There is no patient with that ID.,,
221,,Search failed,ಹುಡುಕಾಟ ವಿಫಲವಾಯಿತು,The search failed,,
222,,Uploaded,ಅಪ್‌ಲೋಡ್ ಆಯಿತು,Uploaded,,
223,,Upload failed,ಅಪ್‌ಲೋಡ್ ವಿಫಲವಾಯಿತು,Upload failed,,
224,,Sample report attached,ಮಾದರಿ ವರದಿ ಲಗತ್ತಿಸಲಾಗಿದೆ,A sample report is attached,,
225,,Could not submit,ಸಲ್ಲಿಸಲು ಆಗಲಿಲ್ಲ,Could not submit,,
226,,Helper's name,ಸಹಾಯಕರ ಹೆಸರು,The name of the helper,,
227,,Relationship,ಸಂಬಂಧ,Relationship,,
228,,Choose,ಆಯ್ಕೆಮಾಡಿ,Choose,,
229,,Continue without AI,AI ಇಲ್ಲದೆ ಮುಂದುವರಿಸಿ,Continue without AI,,
230,,Change,ಬದಲಿಸಿ,Change,,
231,,(optional),(ಐಚ್ಛಿಕ),(Optional),,
232,,employee / student ID,ಉದ್ಯೋಗಿ / ವಿದ್ಯಾರ್ಥಿ ಐಡಿ,Employee / Student ID,,
233,,e.g. KSW-1041,ಉದಾ. KSW-1041,"For example, KSW-1041",,
234,,First visit — register,ಮೊದಲ ಭೇಟಿ — ನೋಂದಾಯಿಸಿ,First Visit - Register,,
235,,Been here before?,ಹಿಂದೆ ಇಲ್ಲಿಗೆ ಬಂದಿದ್ದೀರಾ?,Have you been here before?,,
236,,Enter the ID printed on your old token and your phone number.,ನಿಮ್ಮ ಹಳೆಯ ಟೋಕನ್‌ನಲ್ಲಿ ಮುದ್ರಿಸಿದ ಐಡಿ ಮತ್ತು ನಿಮ್ಮ ಫೋನ್ ಸಂಖ್ಯೆಯನ್ನು ನಮೂದಿಸಿ.,Enter the ID and your phone number printed on your old token.,,
237,,Patient ID,ರೋಗಿಯ ಐಡಿ,Patient ID,,
238,,Phone,ಫೋನ್,Phone,,
239,,Enter your Jeevia ID (JVA-…) and 10-digit phone,ನಿಮ್ಮ Jeevia ಐಡಿ (JVA-…) ಮತ್ತು 10 ಅಂಕಿಯ ಫೋನ್ ನಮೂದಿಸಿ,Enter your Jeevia ID (JVA-...) and 10-digit phone number.,,
240,,Continue,ಮುಂದುವರಿಸಿ,Continue,,
241,,Phone or JVA-…,ಫೋನ್ ಅಥವಾ JVA-…,Phone or JVA -...,,
242,,Is this the patient?,ಇವರೇ ರೋಗಿಯೇ?,Is this the patient?,,
243,,New patient,ಹೊಸ ರೋಗಿ,the new patient.,,
244,,Remove,ತೆಗೆದುಹಾಕಿ,Remove,,
245,,Pregnancy details,ಗರ್ಭಾವಸ್ಥೆಯ ವಿವರಗಳು,Details of pregnancy,,
246,,Weeks of pregnancy,ಗರ್ಭಾವಸ್ಥೆಯ ವಾರಗಳು,The weeks of pregnancy,,
247,,SMS,SMS,SMS,,
248,,Voice call,ಧ್ವನಿ ಕರೆ,Voice call,,
249,,Whose phone is this number?,ಈ ಸಂಖ್ಯೆ ಯಾರ ಫೋನ್?,Whose phone number is this?,,
250,,My husband's phone,ನನ್ನ ಗಂಡನ ಫೋನ್,My husband's phone,,
251,,A family phone,ಕುಟುಂಬದ ಫೋನ್,The family's phone,,
252,,No phone,ಫೋನ್ ಇಲ್ಲ,There's no phone.,,
253,,Follow-up by,ಫಾಲೋ-ಅಪ್ ಮಾಡುವವರು,Follow-up,,
254,,Not assigned,ನಿಯೋಜಿಸಿಲ್ಲ,Not assigned,,
255,,e.g. Hostel Block C,ಉದಾ. ಹಾಸ್ಟೆಲ್ ಬ್ಲಾಕ್ C,"For example, Hostel Block C",,
256,,"At work, are you exposed to","ಕೆಲಸದಲ್ಲಿ, ನೀವು ಇವುಗಳಿಗೆ ಒಡ್ಡಿಕೊಳ್ಳುತ್ತೀರಾ","At work, are you exposed to these?",,
257,,Years in this work,ಈ ಕೆಲಸದಲ್ಲಿ ವರ್ಷಗಳು,years of this work.,,
258,,(0 if no cough),(ಕೆಮ್ಮು ಇಲ್ಲದಿದ್ದರೆ 0),(If there is no cough 0),,
259,,Yes,ಹೌದು,Yes,,
260,,No,ಇಲ್ಲ,No,,
261,,Always,ಯಾವಾಗಲೂ,It's always,,
262,,Sometimes,ಕೆಲವೊಮ್ಮೆ,Sometimes,,
263,,Never,ಎಂದಿಗೂ ಇಲ್ಲ,Never ever,,
264,,Last check-up,ಕೊನೆಯ ತಪಾಸಣೆ,Last check,,
265,,Don't remember,ನೆನಪಿಲ್ಲ,I don't remember,,
266,,Photo of the problem,ತೊಂದರೆಯ ಫೋಟೋ,The photo of the problem,,
267,,Photos and reports are deleted automatically after 3–7 days. Voice recordings after 24 hours.,ಫೋಟೋಗಳು ಮತ್ತು ವರದಿಗಳು 3–7 ದಿನಗಳ ನಂತರ ತಾನಾಗಿಯೇ ಅಳಿಸಲ್ಪಡುತ್ತವೆ. ಧ್ವನಿ ರೆಕಾರ್ಡಿಂಗ್‌ಗಳು 24 ಗಂಟೆಗಳ ನಂತರ.,Photos and reports are automatically deleted after 3 - 7 days. Voice recordings after 24 hours.,,
268,,No more questions. Thank you!,ಇನ್ನು ಪ್ರಶ್ನೆಗಳಿಲ್ಲ. ಧನ್ಯವಾದಗಳು!,"No more questions, thank you!",,
269,,Not measured,ಅಳೆದಿಲ್ಲ,Not measured,,
270,,{n} y,{n} ವ,{n} th,,
271,,new,ಹೊಸ,New,,
272,,Given by {name} ({rel}),{name} ({rel}) ಅವರಿಂದ ನೀಡಲಾಗಿದೆ,{name} ({rel}) is given by,,
273,,{n} report / photo,{n} ವರದಿ / ಫೋಟೋ,{n} Report / Photo,,
274,,normal,ಸಾಮಾನ್ಯ,Normal,,
275,,kiosk,ಕಿಯೋಸ್ಕ್,Kiosk,,
276,,patient,ರೋಗಿ,the patient's,,
277,,yes,ಹೌದು,Yes,,
278,,no,ಇಲ್ಲ,No,,
279,,worse,ಹೆಚ್ಚು ಕೆಟ್ಟದು,It's much worse,,
280,,Enter the helper's name and relationship,ಸಹಾಯಕರ ಹೆಸರು ಮತ್ತು ಸಂಬಂಧವನ್ನು ನಮೂದಿಸಿ,Enter the helper's name and relationship.,,
281,,Enter the patient's name,ರೋಗಿಯ ಹೆಸರನ್ನು ನಮೂದಿಸಿ,Enter the patient's name,,
282,,Phone must be 10 digits,ಫೋನ್ 10 ಅಂಕಿಗಳಾಗಿರಬೇಕು,The phone must be 10 digits.,,
283,,Confirm or re-record the voice note first,ಮೊದಲು ಧ್ವನಿ ಟಿಪ್ಪಣಿಯನ್ನು ದೃಢೀಕರಿಸಿ ಅಥವಾ ಮತ್ತೆ ರೆಕಾರ್ಡ್ ಮಾಡಿ,Confirm or re-record the voice note first,,
284,,Weeks of pregnancy should be 1–42,ಗರ್ಭಾವಸ್ಥೆಯ ವಾರಗಳು 1–42 ಆಗಿರಬೇಕು,The weeks of pregnancy should be 1-42,,
285,,Patient,ರೋಗಿ,the patient's,,
286,,text,ಪಠ್ಯ,Text,,
287,,campus,ಕ್ಯಾಂಪಸ್,Campus,,
288,,Mother,ತಾಯಿ,Mother,,
289,,Father,ತಂದೆ,Father,,
290,,Husband,ಗಂಡ,The husband,,
291,,Wife,ಹೆಂಡತಿ,Wife,,
292,,Son,ಮಗ,Son,,
293,,Daughter,ಮಗಳು,Daughter,,
294,,Not sure,ಖಚಿತವಿಲ್ಲ,Not sure,,
295,,never,ಎಂದಿಗೂ ಇಲ್ಲ,Never ever,,
296,,Other,ಇತರ,Other,,
297,,BP systolic,ರಕ್ತದೊತ್ತಡ ಸಿಸ್ಟೋಲಿಕ್,systolic blood pressure,,
298,,BP diastolic,ರಕ್ತದೊತ್ತಡ ಡಯಾಸ್ಟೋಲಿಕ್,Blood pressure diastolic,,
299,,pulse,ನಾಡಿ,pulse,,
300,,Pulse,ನಾಡಿ,pulse,,
301,,Temperature,ತಾಪಮಾನ,Temperature,,
302,,Glucose (POC),ಗ್ಲೂಕೋಸ್ (POC),Glucose (POC),,
303,,Consent,ಒಪ್ಪಿಗೆ,Consent,,
304,,Visit,ಭೇಟಿ,visit,,
305,,Since,ಯಾವಾಗಿನಿಂದ,Since when,,
306,,Files,ಫೈಲ್‌ಗಳು,Files,,
307,,Answers,ಉತ್ತರಗಳು,Answers,,
308,,"Enter both BP numbers, or leave both blank","ರಕ್ತದೊತ್ತಡದ ಎರಡೂ ಸಂಖ್ಯೆಗಳನ್ನು ನಮೂದಿಸಿ, ಅಥವಾ ಎರಡನ್ನೂ ಖಾಲಿ ಬಿಡಿ","Enter both blood pressure numbers, or leave both blank.",,
309,,Fever,ಜ್ವರ,Fever,,
310,,Chest pain,ಎದೆ ನೋವು,Chest pain,,
311,,Headache,ತಲೆನೋವು,Headache,,
312,,Vomiting,ವಾಂತಿ,Vomiting,,
313,,Injury or burn,ಗಾಯ ಅಥವಾ ಸುಟ್ಟ ಗಾಯ,Injury or burn injury,,
314,,Bleeding,ರಕ್ತಸ್ರಾವ,Bleeding,,
315,,Dizziness,ತಲೆಸುತ್ತು,Dizziness,,
316,,Swelling,ಊತ,swelling,,
317,,Skin rash,ಚರ್ಮದ ದದ್ದು,Skin rash,,
318,,today,ಇಂದು,Today's,,
319,,1-2 days,1-2 ದಿನ,1 to 2 days,,
320,,3-7 days,3-7 ದಿನ,3 to 7 days,,
321,,1-4 weeks,1-4 ವಾರ,1 to 4 weeks,,
322,,more than a month,ಒಂದು ತಿಂಗಳಿಗಿಂತ ಹೆಚ್ಚು,More than a month,,
323,,Snake bite,ಹಾವು ಕಡಿತ,Snake bite,,
324,,"Does the pain spread to the arm, jaw or back?","ನೋವು ತೋಳು, ದವಡೆ ಅಥವಾ ಬೆನ್ನಿಗೆ ಹರಡುತ್ತದೆಯೇ?","Does the pain spread to the arm, jaw, or back?",,
325,,Yes — spreads to arm / jaw,ಹೌದು — ತೋಳು / ದವಡೆಗೆ ಹರಡುತ್ತದೆ,Yes - spreads to the arm / jaw,,
326,,Yes — sweating,ಹೌದು — ಬೆವರುವುದು,Yes - sweating,,
327,,Vomits everything,ಎಲ್ಲವನ್ನೂ ವಾಂತಿ ಮಾಡುತ್ತದೆ,Vomits everything,,
328,,Rash,ದದ್ದು,Rash,,
329,,Is the baby moving as usual today?,ಇಂದು ಮಗು ಎಂದಿನಂತೆ ಚಲಿಸುತ್ತಿದೆಯೇ?,Is the baby moving as usual today?,,
330,,Yes — bleeding,ಹೌದು — ರಕ್ತಸ್ರಾವ,"Yes, the bleeding.",,
331,,Where is the pain?,ನೋವು ಎಲ್ಲಿದೆ?,Where's the pain?,,
332,,Today,ಇಂದು,Today's,,
333,,1–2 days,1–2 ದಿನ,1 to 2 days,,
334,,3–7 days,3–7 ದಿನ,3 to 7 days,,
335,,More than a week,ಒಂದು ವಾರಕ್ಕಿಂತ ಹೆಚ್ಚು,for more than a week,,
336,,"Yes, every day","ಹೌದು, ಪ್ರತಿದಿನ","Yes, every day.",,
337,,Kiosk locked,ಕಿಯೋಸ್ಕ್ ಲಾಕ್ ಆಗಿದೆ,The kiosk is locked,,
338,,Staff unlock,ಸಿಬ್ಬಂದಿ ಅನ್‌ಲಾಕ್,Staff Unlock,,
339,,Signed in as,ಸೈನ್ ಇನ್ ಆಗಿರುವವರು,Those who have signed up,,
340,,This tablet is not yet registered to,ಈ ಟ್ಯಾಬ್ಲೆಟ್ ಇನ್ನೂ ಇಲ್ಲಿ ನೋಂದಣಿಯಾಗಿಲ್ಲ:,This tablet is not yet registered here:,,
341,,Device name,ಸಾಧನದ ಹೆಸರು,The name of the device,,
342,,Failed,ವಿಫಲವಾಯಿತು,Failed,,
343,,Offline,ಆಫ್‌ಲೈನ್,Offline,,
344,,Online,ಆನ್‌ಲೈನ್,Online,,
345,,Lock,ಲಾಕ್,Lock,,
346,,Staff on duty:,ಕರ್ತವ್ಯದಲ್ಲಿರುವ ಸಿಬ್ಬಂದಿ:,Staff on duty:,,
347,,This kiosk link could not be opened.,ಈ ಕಿಯೋಸ್ಕ್ ಲಿಂಕ್ ತೆರೆಯಲು ಆಗಲಿಲ್ಲ.,This kiosk link could not be opened.,,
348,,Link not active,ಲಿಂಕ್ ಸಕ್ರಿಯವಾಗಿಲ್ಲ,The link is not active,,
349,,Opening kiosk…,ಕಿಯೋಸ್ಕ್ ತೆರೆಯಲಾಗುತ್ತಿದೆ…,Opening Kiosk...,,
350,,Fill in,ಭರ್ತಿ ಮಾಡಿ,Fill in,,
351,,token,ಟೋಕನ್ ಪಡೆಯಿರಿ,Get a token,,
352,,Speak in your language,ನಿಮ್ಮ ಭಾಷೆಯಲ್ಲಿ ಮಾತನಾಡಿ,Speak in your own language,,
353,,Takes about 3 minutes,ಸುಮಾರು 3 ನಿಮಿಷ ಬೇಕು,It takes about 3 minutes.,,
354,,Search language,ಭಾಷೆ ಹುಡುಕಿ,Search for the language,,
355,,Full interface,ಪೂರ್ಣ ಇಂಟರ್ಫೇಸ್,Full interface,,
356,,Enter both BP values,ರಕ್ತದೊತ್ತಡದ ಎರಡೂ ಮೌಲ್ಯಗಳನ್ನು ನಮೂದಿಸಿ,Enter both blood pressure values.,,
357,,Could not save,ಉಳಿಸಲು ಆಗಲಿಲ್ಲ,Could not save,,
358,,Weak and fast pulse,ದುರ್ಬಲ ಮತ್ತು ವೇಗದ ನಾಡಿ,Weak and fast pulse,,
359,,nurse,ನರ್ಸ್,Nurse,,
360,,Nurse,ನರ್ಸ್,Nurse,,
361,,Health worker / ASHA,ಆರೋಗ್ಯ ಕಾರ್ಯಕರ್ತೆ / ಆಶಾ,Health Worker / ASHA,,
362,,Nurse / ANM,ನರ್ಸ್ / ANM,Nurse / ANM,,
363,,green,ಹಸಿರು,Green,,
364,,yellow,ಹಳದಿ,Yellow,,
365,,red,ಕೆಂಪು,Red,,
366,,Medical officer,ವೈದ್ಯಾಧಿಕಾರಿ,Medical Officer,,
367,,confirmed,ದೃಢೀಕರಿಸಲಾಗಿದೆ,Confirmed,,
368,,referred,ರೆಫರ್ ಮಾಡಲಾಗಿದೆ,Referred to,,
369,,phc,PHC,PHC,,
370,,chc,CHC,CHC,,
371,,hospital,ಆಸ್ಪತ್ರೆ,Hospital,,
372,,clinic,ಕ್ಲಿನಿಕ್,The clinic,,
373,,Silica / stone dust,ಸಿಲಿಕಾ / ಕಲ್ಲಿನ ಧೂಳು,Silica / stone dust,,
374,,Coal dust,ಕಲ್ಲಿದ್ದಲು ಧೂಳು,coal dust,,
375,,Cotton dust,ಹತ್ತಿ ಧೂಳು,Cotton dust,,
376,,Asbestos,ಆಸ್ಬೆಸ್ಟೋಸ್,Asbestos,,
377,,Other dust,ಇತರ ಧೂಳು,Other dust,,
378,,Chemicals or fumes,ರಾಸಾಯನಿಕಗಳು ಅಥವಾ ಹೊಗೆ,chemicals or fumes.,,
379,,Pesticides,ಕೀಟನಾಶಕಗಳು,Pesticides,,
380,,Heat,ಶಾಖ,Heat,,
381,,Patient screens,ರೋಗಿಯ ಪರದೆಗಳು,Patient screens,,
382,,Referred to,ರೆಫರ್ ಮಾಡಲಾಗಿದೆ,Referred to,,
383,,Next visit,ಮುಂದಿನ ಭೇಟಿ,Next visit,,
384,,Advice,ಸಲಹೆ,Advice,,
385,,"Our own code, MIT","ನಮ್ಮದೇ ಕೋಡ್, MIT","Our own code, MIT",,
386,,"Translates the patient's words into English for the doctor, and English advice into the patient's language.","ರೋಗಿಯ ಪದಗಳನ್ನು ವೈದ್ಯರಿಗಾಗಿ ಇಂಗ್ಲಿಷ್‌ಗೆ, ಮತ್ತು ಇಂಗ್ಲಿಷ್ ಸಲಹೆಯನ್ನು ರೋಗಿಯ ಭಾಷೆಗೆ ಅನುವಾದಿಸುತ್ತದೆ.","Translates the patient's words into English for the doctor, and the English advice into the patient's language.",,
387,,Commercial API,ವಾಣಿಜ್ಯ API,Commercial API,,
388,,About the models,ಮಾದರಿಗಳ ಬಗ್ಗೆ,About the models,,
389,,On this server,ಈ ಸರ್ವರ್‌ನಲ್ಲಿ,on this server.,,
390,,What is sent,ಏನು ಕಳುಹಿಸಲಾಗುತ್ತದೆ,What will be sent,,
391,,Licence,ಪರವಾನಗಿ,Licence,,
392,,Measured,ಅಳೆದದ್ದು,Measured,,
